;;;;;;;;;;;;;;;;;Art der Anweisung;;;;;;;;;;;;;;;;;;;;;;;;;;;;;;;;;;;;;;;;;;;;;;;;;;;;;;;;;;;;;;;;;;;;;;;;;;;;;;;;;;;;;;;;;;;;;;;;;;;;;;;;;;Kostenteilungsschl¸Åssel (ohne GP Netzreseve);;;;Weiterverrechnungsschl¸Åssel (mit GP Netzreseve);;;;;;;;Leistung (MW);;;;;;;;;;;;;;;;;;;;;;;;;;;;;;;;;;;;;;;;;;;;;;;;;;;;;;;;;;;;;;;;;;;;;;;;;;;;;;;;;;;;;;;;;;;;;;;;;;;;;variable Erzeugungsauslagen [Ä/Viertelstunde];;;;;;;;;;;;;;;;;;;;;;;;;;;;;;;;;;;;;;;;;;;;;;;;;;;;;;;;;;;;;;;;;;;;;;;;;;;;;;;;;;;;;;;;;;;;;;;;;;;;;;;Arbeitsabh‰ngige Sonstige Kosten [Ä/Viertelstunden];;;;;;;;;;;;;;;;;;;;;;;;;;;;;;;;;;;;;;;;;;;;;;;;;;;;;;;;;;;;;;;;;;;;;;;;;;;;;;;;;;;;;;;;;;;;;;;;;;;;;;Anteiliger Werteverbrauch [Ä/Viertelstunde];;;;;;;;;;;;;;;;;;;;;;;;;;;;;;;;;;;;;;;;;;;;;;;;;;;;;;;;;;;;;;;;;;;;;;;;;;;;;;;;;;;;;;;;;;;;;;;;;;;;;Entgangene Erlˆse Intraday [Ä/Viertelstunde];;;;;;;;;;;;;;;;;;;;;;;;;;;;;;;;;;;;;;;;;;;;;;;;;;;;;;;;;;;;;;;;;;;;;;;;;;;;;;;;;;;;;;;;;;;;;;;;;;;;
TM von;TM bis;Zeit von;Zeit bis;GM-Ident;GM-Art;Tages-TM-Ident;TM-Art;Ursache;Auslˆsender Prozess;Anforderer;¸Åberlastetes Netzelement;Zust‰ndiger RAS-‹NB ;Aktivierungsobjekt;AO-Code;AO-Art;Anschlussregelzone des AO;1;2;3;4;5;6;7;8;9;10;11;12;13;14;15;16;17;18;19;20;21;22;23;24;25;26;27;28;29;30;31;32;33;34;35;36;37;38;39;40;41;42;43;44;45;46;47;48;49;50;51;52;53;54;55;56;57;58;59;60;61;62;63;64;65;66;67;68;69;70;71;72;73;74;75;76;77;78;79;80;81;82;83;84;85;86;87;88;89;90;91;92;93;94;95;96;97;98;99;100;Art der Anweisung;Gegenl‰ufigkeit;TM-Richtung;Kostenteilungsmechanismus;Kostenstand;Gesamtkosten [Ä];Anteil WV Amprion;Anteil WV TenneT;Anteil WV TransnetBW;Anteil WV 50Hertz;Anteil WV Amprion;Anteil WV TenneT;Anteil WV TransnetBW;Anteil WV 50Hertz;WV Amprion;WV TenneT;WV TransnetBW;WV 50Hertz;1;2;3;4;5;6;7;8;9;10;11;12;13;14;15;16;17;18;19;20;21;22;23;24;25;26;27;28;29;30;31;32;33;34;35;36;37;38;39;40;41;42;43;44;45;46;47;48;49;50;51;52;53;54;55;56;57;58;59;60;61;62;63;64;65;66;67;68;69;70;71;72;73;74;75;76;77;78;79;80;81;82;83;84;85;86;87;88;89;90;91;92;93;94;95;96;97;98;99;100;Menge [MWh] ;1;2;3;4;5;6;7;8;9;10;11;12;13;14;15;16;17;18;19;20;21;22;23;24;25;26;27;28;29;30;31;32;33;34;35;36;37;38;39;40;41;42;43;44;45;46;47;48;49;50;51;52;53;54;55;56;57;58;59;60;61;62;63;64;65;66;67;68;69;70;71;72;73;74;75;76;77;78;79;80;81;82;83;84;85;86;87;88;89;90;91;92;93;94;95;96;97;98;99;100;Summe variable Erzeugungsauslagen [Ä];Kosten fÅ¸r An- und Abfahrt [Ä];Auslagen f¸År die Herstellung der Betriebsbereitschaft oder die Verschiebung einer geplanten Revision;1;2;3;4;5;6;7;8;9;10;11;12;13;14;15;16;17;18;19;20;21;22;23;24;25;26;27;28;29;30;31;32;33;34;35;36;37;38;39;40;41;42;43;44;45;46;47;48;49;50;51;52;53;54;55;56;57;58;59;60;61;62;63;64;65;66;67;68;69;70;71;72;73;74;75;76;77;78;79;80;81;82;83;84;85;86;87;88;89;90;91;92;93;94;95;96;97;98;99;100;Arbeitsabh‰ngige Sonstige Kosten [Ä];Arbeitsunabh‰ngige Sonstige Kosten [Ä];1;2;3;4;5;6;7;8;9;10;11;12;13;14;15;16;17;18;19;20;21;22;23;24;25;26;27;28;29;30;31;32;33;34;35;36;37;38;39;40;41;42;43;44;45;46;47;48;49;50;51;52;53;54;55;56;57;58;59;60;61;62;63;64;65;66;67;68;69;70;71;72;73;74;75;76;77;78;79;80;81;82;83;84;85;86;87;88;89;90;91;92;93;94;95;96;97;98;99;100;Anteiliger Werteverbrauch [Ä];1;2;3;4;5;6;7;8;9;10;11;12;13;14;15;16;17;18;19;20;21;22;23;24;25;26;27;28;29;30;31;32;33;34;35;36;37;38;39;40;41;42;43;44;45;46;47;48;49;50;51;52;53;54;55;56;57;58;59;60;61;62;63;64;65;66;67;68;69;70;71;72;73;74;75;76;77;78;79;80;81;82;83;84;85;86;87;88;89;90;91;92;93;94;95;96;97;98;99;100;Entgangene Erlˆse Intraday [Ä]
04.09.2022;04.09.2022;15:00;17:00;RD-22-02504;Redispatch;20220904_RD-22-02504_13(1)MKW-015;Markt-KW 13(1);I;PRD2;50Hertz/Amprion/TenneT DE/TransnetBW;AMP / 380kV / Buerstadt - Lambsheim / Buerstadt West;50Hertz;Lippendorf VE;11WD8LIPD1LD8--U;KW-Block;10YDE-VE-------2;;;;;;;;;;;;;;;;;;;;;;;;;;;;;;;;;;;;;;;;;;;;;;;;;;;;;;;;;;;;;E;E;E;E;E;E;E;E;;;;;;;;;;;;;;;;;;;;;;;;;;;;;;;;;E;Nein;Senke;0;0;-13945,74;55,11936;39,58636;1,57588;3,7184;55,11936;39,58636;1,57588;3,7184;-7686,802635;-5520,610841;-219,7681275;-518,5583962;;;;;;;;;;;;;;;;;;;;;;;;;;;;;;;;;;;;;;;;;;;;;;;;;;;;;;;;;;;;;-150;-150;-150;-150;-150;-150;-150;-150;;;;;;;;;;;;;;;;;;;;;;;;;;;;;;;;;-300;;;;;;;;;;;;;;;;;;;;;;;;;;;;;;;;;;;;;;;;;;;;;;;;;;;;;;;;;;;;;-2.946,91;-2.946,91;-2.946,91;-2.946,91;-2.946,91;-2.946,91;-2.946,91;-2.946,91;;;;;;;;;;;;;;;;;;;;;;;;;;;;;;;;;-23.575,28;0;0;;;;;;;;;;;;;;;;;;;;;;;;;;;;;;;;;;;;;;;;;;;;;;;;;;;;;;;;;;;;;0;0;0;0;0;0;0;0;;;;;;;;;;;;;;;;;;;;;;;;;;;;;;;;;0;0;;;;;;;;;;;;;;;;;;;;;;;;;;;;;;;;;;;;;;;;;;;;;;;;;;;;;;;;;;;;;0;0;0;0;0;0;0;0;;;;;;;;;;;;;;;;;;;;;;;;;;;;;;;;;0;;;;;;;;;;;;;;;;;;;;;;;;;;;;;;;;;;;;;;;;;;;;;;;;;;;;;;;;;;;;;5.168,22;2.672,62;204,06;52,64;1.252,90;207,95;69,46;1,69;;;;;;;;;;;;;;;;;;;;;;;;;;;;;;;;;9.629,54
05.09.2022;05.09.2022;16:45;00:00;RD-22-02510;Redispatch;20220905_RD-22-02510_13(1)MKW-012;Markt-KW 13(1);I;PRD2;50Hertz/Amprion/TenneT DE/TransnetBW;AMP-TTG / 380kV / Doerpen West - Meppen - Niederlangen / Emsland O-W//AMP / 380kV / Buerstadt - Lambsheim / Buerstadt West;50Hertz;Lippendorf VE;11WD8LIPD1LD8--U;KW-Block;10YDE-VE-------2;;;;;;;;;;;;;;;;;;;;;;;;;;;;;;;;;;;;;;;;;;;;;;;;;;;;;;;;;;;;;;;;;;;;E;E;E;E;E;E;E;E;E;E;E;E;E;E;E;E;E;E;E;E;E;E;E;E;E;E;E;E;E;;;;;E;Nein;Senke;0;0;-146416,22;55,11936;39,58636;1,57588;3,7184;72,26731;0,15841;27,5594;0,01488;-105811,0636;-231,9379341;-40351,43173;-21,78673354;;;;;;;;;;;;;;;;;;;;;;;;;;;;;;;;;;;;;;;;;;;;;;;;;;;;;;;;;;;;;;;;;;;;-80;-120;-160;-200;-200;-200;-200;-200;-200;-300;-300;-300;-300;-300;-300;-300;-300;-300;-300;-300;-300;-300;-300;-300;-300;-300;-300;-300;-300;;;;;-1.890,00;;;;;;;;;;;;;;;;;;;;;;;;;;;;;;;;;;;;;;;;;;;;;;;;;;;;;;;;;;;;;;;;;;;;-1.571,68;-2.357,53;-3.143,37;-3.929,21;-3.929,21;-3.929,21;-3.929,21;-3.929,21;-3.929,21;-5.893,82;-5.893,82;-5.893,82;-5.893,82;-5.893,82;-5.893,82;-5.893,82;-5.893,82;-5.893,82;-5.893,82;-5.893,82;-5.893,82;-5.893,82;-5.893,82;-5.893,82;-5.893,82;-5.893,82;-5.893,82;-5.893,82;-5.893,82;;;;;-148.524,24;0;0;;;;;;;;;;;;;;;;;;;;;;;;;;;;;;;;;;;;;;;;;;;;;;;;;;;;;;;;;;;;;;;;;;;;0;0;0;0;0;0;0;0;0;0;0;0;0;0;0;0;0;0;0;0;0;0;0;0;0;0;0;0;0;;;;;0;0;;;;;;;;;;;;;;;;;;;;;;;;;;;;;;;;;;;;;;;;;;;;;;;;;;;;;;;;;;;;;;;;;;;;0;0;0;0;0;0;0;0;0;0;0;0;0;0;0;0;0;0;0;0;0;0;0;0;0;0;0;0;0;;;;;0;;;;;;;;;;;;;;;;;;;;;;;;;;;;;;;;;;;;;;;;;;;;;;;;;;;;;;;;;;;;;;;;;;;;0,07;190,91;1,74;0;0;0;0;0;0;0;0;0;8,59;0;0;0;0;3,01;0;0,09;68,34;0;0,81;6,27;458,83;0,18;5,38;28,5;1.335,29;;;;;2.108,02
05.09.2022;05.09.2022;17:45;19:00;RD-22-02510;Redispatch;20220905_RD-22-02510_13(1)MKW-013;Markt-KW 13(1);I;PRD2;50Hertz/Amprion/TenneT DE/TransnetBW;AMP-TTG / 380kV / Doerpen West - Meppen - Niederlangen / Emsland O-W//AMP / 380kV / Buerstadt - Lambsheim / Buerstadt West;50Hertz;J‰nschwalde (Standort);11WD8JAEN1L----Z;KW-Standort;10YDE-VE-------2;;;;;;;;;;;;;;;;;;;;;;;;;;;;;;;;;;;;;;;;;;;;;;;;;;;;;;;;;;;;;;;;;;;;;;;;E;E;E;E;E;;;;;;;;;;;;;;;;;;;;;;;;;E;Nein;Senke;0;0;-10742,2;55,11936;39,58636;1,57588;3,7184;74,16311;0;25,83689;0;-7966,749602;0;-2775,450398;0;;;;;;;;;;;;;;;;;;;;;;;;;;;;;;;;;;;;;;;;;;;;;;;;;;;;;;;;;;;;;;;;;;;;;;;;-100;-100;-100;-100;-100;;;;;;;;;;;;;;;;;;;;;;;;;-125;;;;;;;;;;;;;;;;;;;;;;;;;;;;;;;;;;;;;;;;;;;;;;;;;;;;;;;;;;;;;;;;;;;;;;;;-2.148,44;-2.148,44;-2.148,44;-2.148,44;-2.148,44;;;;;;;;;;;;;;;;;;;;;;;;;-10.742,20;0;0;;;;;;;;;;;;;;;;;;;;;;;;;;;;;;;;;;;;;;;;;;;;;;;;;;;;;;;;;;;;;;;;;;;;;;;;0;0;0;0;0;;;;;;;;;;;;;;;;;;;;;;;;;0;0;;;;;;;;;;;;;;;;;;;;;;;;;;;;;;;;;;;;;;;;;;;;;;;;;;;;;;;;;;;;;;;;;;;;;;;;0;0;0;0;0;;;;;;;;;;;;;;;;;;;;;;;;;0;;;;;;;;;;;;;;;;;;;;;;;;;;;;;;;;;;;;;;;;;;;;;;;;;;;;;;;;;;;;;;;;;;;;;;;;0;0;0;0;0;;;;;;;;;;;;;;;;;;;;;;;;;0
05.09.2022;05.09.2022;17:45;22:30;RD-22-02510;Redispatch;20220905_RD-22-02510_13(1)MKW-014;Markt-KW 13(1);I;PRD2;50Hertz/Amprion/TenneT DE/TransnetBW;AMP-TTG / 380kV / Doerpen West - Meppen - Niederlangen / Emsland O-W//AMP / 380kV / Buerstadt - Lambsheim / Buerstadt West;50Hertz;Schwarze Pumpe (Standort);11WD8SWPU1L----5;KW-Standort;10YDE-VE-------2;;;;;;;;;;;;;;;;;;;;;;;;;;;;;;;;;;;;;;;;;;;;;;;;;;;;;;;;;;;;;;;;;;;;;;;;E;E;E;E;E;E;E;E;E;E;E;E;E;E;E;E;E;E;E;;;;;;;;;;;E;Nein;Senke;0;0;-33524,69;55,11936;39,58636;1,57588;3,7184;71,26736;0,1974;28,5167;0,01854;-23892,16151;-66,17773806;-9560,135273;-6,215477526;;;;;;;;;;;;;;;;;;;;;;;;;;;;;;;;;;;;;;;;;;;;;;;;;;;;;;;;;;;;;;;;;;;;;;;;-40;-160;-160;-160;-160;-90;-90;-90;-90;-90;-90;-90;-90;-90;-90;-90;-90;-50;-10;;;;;;;;;;;-455;;;;;;;;;;;;;;;;;;;;;;;;;;;;;;;;;;;;;;;;;;;;;;;;;;;;;;;;;;;;;;;;;;;;;;;;-737,26;-2.949,04;-2.949,04;-2.949,04;-2.949,04;-1.658,84;-1.658,84;-1.658,84;-1.658,84;-1.658,84;-1.658,84;-1.658,84;-1.658,84;-1.658,84;-1.658,84;-1.658,84;-1.658,84;-921,58;-184,31;;;;;;;;;;;-33.545,39;0;0;;;;;;;;;;;;;;;;;;;;;;;;;;;;;;;;;;;;;;;;;;;;;;;;;;;;;;;;;;;;;;;;;;;;;;;;0;0;0;0;0;0;0;0;0;0;0;0;0;0;0;0;0;0;0;;;;;;;;;;;0;0;;;;;;;;;;;;;;;;;;;;;;;;;;;;;;;;;;;;;;;;;;;;;;;;;;;;;;;;;;;;;;;;;;;;;;;;0;0;0;0;0;0;0;0;0;0;0;0;0;0;0;0;0;0;0;;;;;;;;;;;0;;;;;;;;;;;;;;;;;;;;;;;;;;;;;;;;;;;;;;;;;;;;;;;;;;;;;;;;;;;;;;;;;;;;;;;;0;0;0;0;0;0;0;0;2,33;0;0;0;0;0,8;0;0,02;17,53;0;0,02;;;;;;;;;;;20,7
07.09.2022;07.09.2022;00:00;08:00;RD-22-02531;Redispatch;20220907_RD-22-02531_13(1)MKW-005;Markt-KW 13(1);I;WAPP;50Hertz/Amprion/TenneT DE/TransnetBW;AMP / 380kV / Buerstadt - Lambsheim / Buerstadt West;50Hertz;Lippendorf VE;11WD8LIPD1LD8--U;KW-Block;10YDE-VE-------2;E;E;E;E;E;E;E;E;E;E;E;E;E;E;E;E;E;E;E;E;E;E;E;E;E;E;E;E;E;E;E;E;;;;;;;;;;;;;;;;;;;;;;;;;;;;;;;;;;;;;;;;;;;;;;;;;;;;;;;;;;;;;;;;;;;;;E;Nein;Senke;0;0;-120604,5;50,34348;43,14703;0,4379;6,07159;50,34348;43,14703;0,4379;6,07159;-60716,50234;-52037,2598;-528,1271055;-7322,610762;-200;-200;-200;-200;-200;-200;-200;-200;-200;-200;-200;-200;-200;-200;-200;-200;-200;-200;-200;-200;-200;-200;-200;-200;-200;-200;-200;-200;-200;-200;-200;-200;;;;;;;;;;;;;;;;;;;;;;;;;;;;;;;;;;;;;;;;;;;;;;;;;;;;;;;;;;;;;;;;;;;;;-1.600,00;-3.768,90;-3.768,90;-3.768,90;-3.768,90;-3.768,90;-3.768,90;-3.768,90;-3.768,90;-3.768,90;-3.768,90;-3.768,90;-3.768,90;-3.768,90;-3.768,90;-3.768,90;-3.768,90;-3.768,90;-3.768,90;-3.768,90;-3.768,90;-3.768,90;-3.768,90;-3.768,90;-3.768,90;-3.768,90;-3.768,90;-3.768,90;-3.768,90;-3.768,90;-3.768,90;-3.768,90;-3.768,90;;;;;;;;;;;;;;;;;;;;;;;;;;;;;;;;;;;;;;;;;;;;;;;;;;;;;;;;;;;;;;;;;;;;;-120.604,80;0;0;0;0;0;0;0;0;0;0;0;0;0;0;0;0;0;0;0;0;0;0;0;0;0;0;0;0;0;0;0;0;0;0;;;;;;;;;;;;;;;;;;;;;;;;;;;;;;;;;;;;;;;;;;;;;;;;;;;;;;;;;;;;;;;;;;;;;0;0;0;0;0;0;0;0;0;0;0;0;0;0;0;0;0;0;0;0;0;0;0;0;0;0;0;0;0;0;0;0;0;0;;;;;;;;;;;;;;;;;;;;;;;;;;;;;;;;;;;;;;;;;;;;;;;;;;;;;;;;;;;;;;;;;;;;;0;0,17;0,02;0;0;0;0,01;0,02;0;0,03;0;0;0;0,02;0;0;0;0;0;0;0;0,01;0;0;0;0;0;0;0;0;0;0;0;;;;;;;;;;;;;;;;;;;;;;;;;;;;;;;;;;;;;;;;;;;;;;;;;;;;;;;;;;;;;;;;;;;;;0,3
07.09.2022;07.09.2022;00:00;08:00;RD-22-02531;Redispatch;20220907_RD-22-02531_13(1)MKW-008;Markt-KW 13(1);I;WAPP;50Hertz/Amprion/TenneT DE/TransnetBW;AMP / 380kV / Buerstadt - Lambsheim / Buerstadt West;50Hertz;Lippendorf EnBW;11WD8LIPD1LD4--9;KW-Block;10YDE-VE-------2;E;E;E;E;E;E;E;E;E;E;E;E;E;E;E;E;E;E;E;E;E;E;E;E;E;E;E;E;E;E;E;E;;;;;;;;;;;;;;;;;;;;;;;;;;;;;;;;;;;;;;;;;;;;;;;;;;;;;;;;;;;;;;;;;;;;;E;Nein;Senke;0;0;-21388,2;50,34348;43,14703;0,4379;6,07159;50,34348;43,14703;0,4379;6,07159;-10767,56419;-9228,37307;-93,6589278;-1298,603812;-100;-100;-100;-100;0;0;0;0;0;0;0;0;-100;-100;-100;-100;0;0;0;0;-45;-45;-45;-45;-60;-60;-60;-60;-60;-60;-60;-60;;;;;;;;;;;;;;;;;;;;;;;;;;;;;;;;;;;;;;;;;;;;;;;;;;;;;;;;;;;;;;;;;;;;;-365;-1.627,50;-1.627,50;-1.627,50;-1.627,50;0;0;0;0;0;0;0;0;-1.627,50;-1.627,50;-1.627,50;-1.627,50;0;0;0;0;-732,38;-732,38;-732,38;-732,38;-976,5;-976,5;-976,5;-976,5;-976,5;-976,5;-976,5;-976,5;;;;;;;;;;;;;;;;;;;;;;;;;;;;;;;;;;;;;;;;;;;;;;;;;;;;;;;;;;;;;;;;;;;;;-23.761,52;0;0;0;0;0;0;0;0;0;0;0;0;0;0;0;0;0;0;0;0;0;0;0;0;0;0;0;0;0;0;0;0;0;0;;;;;;;;;;;;;;;;;;;;;;;;;;;;;;;;;;;;;;;;;;;;;;;;;;;;;;;;;;;;;;;;;;;;;0;0;159,2;159,2;159,2;159,2;0;0;0;0;0;0;0;0;159,2;159,2;159,2;159,2;0;0;0;0;75,85;75,85;75,85;75,85;99,54;99,54;99,54;99,54;99,54;99,54;99,54;99,54;;;;;;;;;;;;;;;;;;;;;;;;;;;;;;;;;;;;;;;;;;;;;;;;;;;;;;;;;;;;;;;;;;;;;2.373,32;0;0;0;0;0;0;0;0;0;0;0;0;0;0;0;0;0;0;0;0;0;0;0;0;0;0;0;0;0;0;0;0;;;;;;;;;;;;;;;;;;;;;;;;;;;;;;;;;;;;;;;;;;;;;;;;;;;;;;;;;;;;;;;;;;;;;0
07.09.2022;07.09.2022;00:00;08:00;RD-22-02531;Redispatch;20220907_RD-22-02531_13(1)MKW-009;Markt-KW 13(1);I;WAPP;50Hertz/Amprion/TenneT DE/TransnetBW;AMP / 380kV / Buerstadt - Lambsheim / Buerstadt West;50Hertz;Schwarze Pumpe (Standort);11WD8SWPU1L----5;KW-Standort;10YDE-VE-------2;E;E;E;E;E;E;E;E;E;E;E;E;E;E;E;E;E;E;E;E;E;E;E;E;E;E;E;E;E;E;E;E;;;;;;;;;;;;;;;;;;;;;;;;;;;;;;;;;;;;;;;;;;;;;;;;;;;;;;;;;;;;;;;;;;;;;E;Nein;Senke;0;0;-46806,05;50,34348;43,14703;0,4379;6,07159;50,34348;43,14703;0,4379;6,07159;-23563,79442;-20195,42044;-204,963693;-2841,871451;-150;-150;-150;-150;-85;-85;-85;-85;-80;-80;-80;-80;-50;-50;-50;-50;-50;-50;-50;-50;-50;-50;-50;-50;-100;-100;-100;-100;-101;-101;-101;-101;;;;;;;;;;;;;;;;;;;;;;;;;;;;;;;;;;;;;;;;;;;;;;;;;;;;;;;;;;;;;;;;;;;;;-666;-2.687,00;-2.687,00;-2.687,00;-2.687,00;-1.522,63;-1.522,63;-1.522,63;-1.522,63;-1.390,61;-1.390,61;-1.390,61;-1.390,61;-869,13;-869,13;-869,13;-869,13;-869,13;-869,13;-869,13;-869,13;-869,13;-869,13;-869,13;-869,13;-1.738,27;-1.738,27;-1.738,27;-1.738,27;-1.755,65;-1.755,65;-1.755,65;-1.755,65;;;;;;;;;;;;;;;;;;;;;;;;;;;;;;;;;;;;;;;;;;;;;;;;;;;;;;;;;;;;;;;;;;;;;-46.806,20;0;0;0;0;0;0;0;0;0;0;0;0;0;0;0;0;0;0;0;0;0;0;0;0;0;0;0;0;0;0;0;0;0;0;;;;;;;;;;;;;;;;;;;;;;;;;;;;;;;;;;;;;;;;;;;;;;;;;;;;;;;;;;;;;;;;;;;;;0;0;0;0;0;0;0;0;0;0;0;0;0;0;0;0;0;0;0;0;0;0;0;0;0;0;0;0;0;0;0;0;0;0;;;;;;;;;;;;;;;;;;;;;;;;;;;;;;;;;;;;;;;;;;;;;;;;;;;;;;;;;;;;;;;;;;;;;0;0,11;0,01;0;0;0;0;0,01;0;0,01;0;0;0;0;0;0;0;0;0;0;0;0;0;0;0;0;0;0;0;0;0;0;0;;;;;;;;;;;;;;;;;;;;;;;;;;;;;;;;;;;;;;;;;;;;;;;;;;;;;;;;;;;;;;;;;;;;;0,15
08.09.2022;08.09.2022;10:30;11:30;RD-22-02553;Redispatch;20220908_RD-22-02553_13(1)MKW-002;Markt-KW 13(1);I;interner RD;50Hertz;50H / 380kV / Reuter - Mitte / 903;50Hertz;Markersbach (Standort);11WD8MARK1H----7;KW-Standort;10YDE-VE-------2;;;;;;;;;;;;;;;;;;;;;;;;;;;;;;;;;;;;;;;;;;;E;E;E;E;;;;;;;;;;;;;;;;;;;;;;;;;;;;;;;;;;;;;;;;;;;;;;;;;;;;;;;E;Nein;Quelle;0;0;180417,04;0;0;0;100;0;0;0;100;0;0;0;180417,04;;;;;;;;;;;;;;;;;;;;;;;;;;;;;;;;;;;;;;;;;;;300;300;300;300;;;;;;;;;;;;;;;;;;;;;;;;;;;;;;;;;;;;;;;;;;;;;;;;;;;;;;;300;;;;;;;;;;;;;;;;;;;;;;;;;;;;;;;;;;;;;;;;;;;45104,26;45104,26;45104,26;45104,26;;;;;;;;;;;;;;;;;;;;;;;;;;;;;;;;;;;;;;;;;;;;;;;;;;;;;;;180.417,04;0;0;;;;;;;;;;;;;;;;;;;;;;;;;;;;;;;;;;;;;;;;;;;0;0;0;0;;;;;;;;;;;;;;;;;;;;;;;;;;;;;;;;;;;;;;;;;;;;;;;;;;;;;;;0;0;;;;;;;;;;;;;;;;;;;;;;;;;;;;;;;;;;;;;;;;;;;0;0;0;0;;;;;;;;;;;;;;;;;;;;;;;;;;;;;;;;;;;;;;;;;;;;;;;;;;;;;;;0,00;;;;;;;;;;;;;;;;;;;;;;;;;;;;;;;;;;;;;;;;;;;0;0;0;0;;;;;;;;;;;;;;;;;;;;;;;;;;;;;;;;;;;;;;;;;;;;;;;;;;;;;;;0
13.09.2022;13.09.2022;18:00;19:00;RD-22-02570;Redispatch;20220913_RD-22-02570_13(1)MKW-002;Markt-KW 13(1);I;interner RD;50Hertz;Testbetrieb;50Hertz;50H HAP Halle-Dieselstr HKW-BlockC;11W0-0000-0412-U;KW-Standort;10YDE-VE-------2;;;;;;;;;;;;;;;;;;;;;;;;;;;;;;;;;;;;;;;;;;;;;;;;;;;;;;;;;;;;;;;;;;;;;;;;;E;E;E;E;;;;;;;;;;;;;;;;;;;;;;;;;E;Nein;Senke;0;0;0;0;0;0;100;0;0;0;100;0;0;0;0;;;;;;;;;;;;;;;;;;;;;;;;;;;;;;;;;;;;;;;;;;;;;;;;;;;;;;;;;;;;;;;;;;;;;;;;;-2;-2;-2;-2;;;;;;;;;;;;;;;;;;;;;;;;;-2;;;;;;;;;;;;;;;;;;;;;;;;;;;;;;;;;;;;;;;;;;;;;;;;;;;;;;;;;;;;;;;;;;;;;;;;;0;0;0;0;;;;;;;;;;;;;;;;;;;;;;;;;0,00;0;0;;;;;;;;;;;;;;;;;;;;;;;;;;;;;;;;;;;;;;;;;;;;;;;;;;;;;;;;;;;;;;;;;;;;;;;;;0;0;0;0;;;;;;;;;;;;;;;;;;;;;;;;;0;0;;;;;;;;;;;;;;;;;;;;;;;;;;;;;;;;;;;;;;;;;;;;;;;;;;;;;;;;;;;;;;;;;;;;;;;;;0;0;0;0;;;;;;;;;;;;;;;;;;;;;;;;;0,00;;;;;;;;;;;;;;;;;;;;;;;;;;;;;;;;;;;;;;;;;;;;;;;;;;;;;;;;;;;;;;;;;;;;;;;;;0;0;0;0;;;;;;;;;;;;;;;;;;;;;;;;;0
13.09.2022;13.09.2022;18:00;19:00;RD-22-02570;Redispatch;20220913_RD-22-02570_Boerse-004;Bˆrse;I;interner RD;50Hertz;Testbetrieb;50Hertz;Bˆrse;50H_Frontoffice;Bˆrse;10YDE-VE-------2;;;;;;;;;;;;;;;;;;;;;;;;;;;;;;;;;;;;;;;;;;;;;;;;;;;;;;;;;;;;;;;;;;;;;;;;;E;E;E;E;;;;;;;;;;;;;;;;;;;;;;;;;E;Nein;Quelle;0;0;1032,48;0;0;0;100;0;0;0;100;0;0;0;1032,48;;;;;;;;;;;;;;;;;;;;;;;;;;;;;;;;;;;;;;;;;;;;;;;;;;;;;;;;;;;;;;;;;;;;;;;;;2;2;2;2;;;;;;;;;;;;;;;;;;;;;;;;;2;;;;;;;;;;;;;;;;;;;;;;;;;;;;;;;;;;;;;;;;;;;;;;;;;;;;;;;;;;;;;;;;;;;;;;;;;258,12;258,12;258,12;258,12;;;;;;;;;;;;;;;;;;;;;;;;;1.032,48;0;0;;;;;;;;;;;;;;;;;;;;;;;;;;;;;;;;;;;;;;;;;;;;;;;;;;;;;;;;;;;;;;;;;;;;;;;;;0;0;0;0;;;;;;;;;;;;;;;;;;;;;;;;;0;0;;;;;;;;;;;;;;;;;;;;;;;;;;;;;;;;;;;;;;;;;;;;;;;;;;;;;;;;;;;;;;;;;;;;;;;;;0;0;0;0;;;;;;;;;;;;;;;;;;;;;;;;;0,00;;;;;;;;;;;;;;;;;;;;;;;;;;;;;;;;;;;;;;;;;;;;;;;;;;;;;;;;;;;;;;;;;;;;;;;;;0;0;0;0;;;;;;;;;;;;;;;;;;;;;;;;;0
15.09.2022;15.09.2022;14:00;15:00;RD-22-02589;Redispatch;20220915_RD-22-02589_13(1)MKW-043;Markt-KW 13(1);I;PRD2;50Hertz/Amprion/TenneT DE/TransnetBW;AMP-TTG / 380kV / Doerpen West - Meppen - Niederlangen / Emsland O-W;50Hertz;HAP J‰nschwalde (Standort);11WD8JAEN1L----Z;KW-Standort;10YDE-VE-------2;;;;;;;;;;;;;;;;;;;;;;;;;;;;;;;;;;;;;;;;;;;;;;;;;;;;;;;;;E;E;E;E;;;;;;;;;;;;;;;;;;;;;;;;;;;;;;;;;;;;;;;;;E;Nein;Senke;0;0;-11652,14;55,11936;39,58636;1,57588;3,7184;66,16255;29,84587;1,18812;2,80346;-7709,352954;-3477,682557;-138,4414058;-326,663084;;;;;;;;;;;;;;;;;;;;;;;;;;;;;;;;;;;;;;;;;;;;;;;;;;;;;;;;;-150;-150;-150;-150;;;;;;;;;;;;;;;;;;;;;;;;;;;;;;;;;;;;;;;;;-150;;;;;;;;;;;;;;;;;;;;;;;;;;;;;;;;;;;;;;;;;;;;;;;;;;;;;;;;;-2960;-2960;-2960;-2960;;;;;;;;;;;;;;;;;;;;;;;;;;;;;;;;;;;;;;;;;-11.840,00;0;0;;;;;;;;;;;;;;;;;;;;;;;;;;;;;;;;;;;;;;;;;;;;;;;;;;;;;;;;;0;0;0;0;;;;;;;;;;;;;;;;;;;;;;;;;;;;;;;;;;;;;;;;;0;0;;;;;;;;;;;;;;;;;;;;;;;;;;;;;;;;;;;;;;;;;;;;;;;;;;;;;;;;;0;0;0;0;;;;;;;;;;;;;;;;;;;;;;;;;;;;;;;;;;;;;;;;;0,00;;;;;;;;;;;;;;;;;;;;;;;;;;;;;;;;;;;;;;;;;;;;;;;;;;;;;;;;;80,69;58,72;31,11;17,34;;;;;;;;;;;;;;;;;;;;;;;;;;;;;;;;;;;;;;;;;187,86
15.09.2022;15.09.2022;14:00;15:00;RD-22-02589;Redispatch;20220915_RD-22-02589_13(1)MKW-044;Markt-KW 13(1);I;PRD2;50Hertz/Amprion/TenneT DE/TransnetBW;AMP-TTG / 380kV / Doerpen West - Meppen - Niederlangen / Emsland O-W;50Hertz;HAP Boxberg (Standort);11WD8BOXB1L----J;KW-Standort;10YDE-VE-------2;;;;;;;;;;;;;;;;;;;;;;;;;;;;;;;;;;;;;;;;;;;;;;;;;;;;;;;;;E;E;E;E;;;;;;;;;;;;;;;;;;;;;;;;;;;;;;;;;;;;;;;;;E;Nein;Senke;0;0;-3803,7;55,11936;39,58636;1,57588;3,7184;66,16255;29,84587;1,18812;2,80346;-2516,624914;-1135,247357;-45,19252044;-106,635208;;;;;;;;;;;;;;;;;;;;;;;;;;;;;;;;;;;;;;;;;;;;;;;;;;;;;;;;;-50;-50;-50;-50;;;;;;;;;;;;;;;;;;;;;;;;;;;;;;;;;;;;;;;;;-50;;;;;;;;;;;;;;;;;;;;;;;;;;;;;;;;;;;;;;;;;;;;;;;;;;;;;;;;;-966,03;-966,03;-966,03;-966,03;;;;;;;;;;;;;;;;;;;;;;;;;;;;;;;;;;;;;;;;;-3.864,12;0;0;;;;;;;;;;;;;;;;;;;;;;;;;;;;;;;;;;;;;;;;;;;;;;;;;;;;;;;;;0;0;0;0;;;;;;;;;;;;;;;;;;;;;;;;;;;;;;;;;;;;;;;;;0;0;;;;;;;;;;;;;;;;;;;;;;;;;;;;;;;;;;;;;;;;;;;;;;;;;;;;;;;;;0;0;0;0;;;;;;;;;;;;;;;;;;;;;;;;;;;;;;;;;;;;;;;;;0,00;;;;;;;;;;;;;;;;;;;;;;;;;;;;;;;;;;;;;;;;;;;;;;;;;;;;;;;;;26,06;18,9;9,95;5,5;;;;;;;;;;;;;;;;;;;;;;;;;;;;;;;;;;;;;;;;;60,42
15.09.2022;15.09.2022;14:00;00:00;RD-22-02595;Redispatch;20220915_RD-22-02595_13(1)MKW-004;Markt-KW 13(1);I;Amtshilfe f¸r;Amprion/TenneT DE;AMP-TTG / 380kV / Frankfurt Sued - Karben - Kriftel / Taunus 2;50Hertz;HAP Boxberg (Standort);11WD8BOXB1L----J;KW-Standort;10YDE-VE-------2;;;;;;;;;;;;;;;;;;;;;;;;;;;;;;;;;;;;;;;;;;;;;;;;;;;;;;;;;E;E;E;E;E;E;E;E;E;E;E;E;E;E;E;E;E;E;E;E;E;E;E;E;E;E;E;E;E;E;E;E;E;E;E;E;E;E;E;E;;;;;E;Nein;Senke;0;0;-77765,61;50;50;0;0;50;50;0;0;-38882,805;-38882,805;0;0;;;;;;;;;;;;;;;;;;;;;;;;;;;;;;;;;;;;;;;;;;;;;;;;;;;;;;;;;-100;-100;-100;-100;-100;-100;-100;-100;-100;-100;-100;-100;-100;-100;-100;-100;-100;-100;-100;-100;-100;-100;-100;-100;-100;-100;-100;-100;-100;-100;-100;-100;-100;-100;-100;-100;-100;-100;-100;-100;;;;;-1000;;;;;;;;;;;;;;;;;;;;;;;;;;;;;;;;;;;;;;;;;;;;;;;;;;;;;;;;;-1873,52;-1873,52;-1873,52;-1873,52;-1975,06;-1975,06;-1975,06;-1975,06;-1952,72;-1952,72;-1952,72;-1952,72;-1952,72;-1952,72;-1952,72;-1952,72;-1952,72;-1952,72;-1952,72;-1952,72;-1952,72;-1952,72;-1952,72;-1952,72;-1956,78;-1956,78;-1956,78;-1956,78;-1983,18;-1983,18;-1983,18;-1983,18;-1983,18;-1983,18;-1983,18;-1983,18;-1983,18;-1983,18;-1983,18;-1983,18;;;;;-78.263,12;0;0;;;;;;;;;;;;;;;;;;;;;;;;;;;;;;;;;;;;;;;;;;;;;;;;;;;;;;;;;0;0;0;0;0;0;0;0;0;0;0;0;0;0;0;0;0;0;0;0;0;0;0;0;0;0;0;0;0;0;0;0;0;0;0;0;0;0;0;0;;;;;0;0;;;;;;;;;;;;;;;;;;;;;;;;;;;;;;;;;;;;;;;;;;;;;;;;;;;;;;;;;0;0;0;0;0;0;0;0;0;0;0;0;0;0;0;0;0;0;0;0;0;0;0;0;0;0;0;0;0;0;0;0;0;0;0;0;0;0;0;0;;;;;0,00;;;;;;;;;;;;;;;;;;;;;;;;;;;;;;;;;;;;;;;;;;;;;;;;;;;;;;;;;50,23;36,32;19,01;10,46;66,26;19,54;4,38;3,97;110,44;11,83;13,87;6,99;46,86;5,53;0,11;0,16;0,05;0,02;0,13;0,02;0,03;0,21;0,01;2,44;0,28;0,01;0;0;0,12;0;0,04;7,42;0;0,06;1,6;36,89;0,11;0,78;2,95;38,38;;;;;497,51
15.09.2022;15.09.2022;14:00;00:00;RD-22-02595;Redispatch;20220915_RD-22-02595_13(1)MKW-005;Markt-KW 13(1);I;Amtshilfe f¸r;Amprion/TenneT DE;AMP-TTG / 380kV / Frankfurt Sued - Karben - Kriftel / Taunus 2;50Hertz;HAP Schwarze Pumpe (Standort);11WD8SWPU1L----5;KW-Standort;10YDE-VE-------2;;;;;;;;;;;;;;;;;;;;;;;;;;;;;;;;;;;;;;;;;;;;;;;;;;;;;;;;;E;E;E;E;E;E;E;E;E;E;E;E;E;E;E;E;E;E;E;E;E;E;E;E;E;E;E;E;E;E;E;E;E;E;E;E;E;E;E;E;;;;;E;Nein;Senke;0;0;-170202,34;50;50;0;0;50;50;0;0;-85101,17;-85101,17;0;0;;;;;;;;;;;;;;;;;;;;;;;;;;;;;;;;;;;;;;;;;;;;;;;;;;;;;;;;;-260;-260;-260;-260;-260;-260;-260;-260;-260;-260;-260;-260;-260;-260;-260;-260;-260;-260;-260;-260;-260;-260;-260;-260;-260;-260;-260;-260;-260;-260;-260;-260;-260;-260;-260;-260;-260;-260;-260;-260;;;;;-2600;;;;;;;;;;;;;;;;;;;;;;;;;;;;;;;;;;;;;;;;;;;;;;;;;;;;;;;;;-4301,57;-4301,57;-4276,64;-4276,64;-4276,64;-4276,64;-4276,64;-4276,64;-4276,64;-4276,64;-4276,64;-4276,64;-4276,64;-4276,64;-4276,64;-4276,64;-4276,64;-4276,64;-4276,64;-4276,64;-4276,64;-4276,64;-4276,64;-4276,64;-4276,64;-4276,64;-4276,64;-4276,64;-4276,64;-4276,64;-4276,64;-4276,64;-4276,64;-4276,64;-4276,64;-4276,64;-4276,64;-4276,64;-4301,57;-4301,57;;;;;-171.165,32;0;0;;;;;;;;;;;;;;;;;;;;;;;;;;;;;;;;;;;;;;;;;;;;;;;;;;;;;;;;;0;0;0;0;0;0;0;0;0;0;0;0;0;0;0;0;0;0;0;0;0;0;0;0;0;0;0;0;0;0;0;0;0;0;0;0;0;0;0;0;;;;;0;0;;;;;;;;;;;;;;;;;;;;;;;;;;;;;;;;;;;;;;;;;;;;;;;;;;;;;;;;;0;0;0;0;0;0;0;0;0;0;0;0;0;0;0;0;0;0;0;0;0;0;0;0;0;0;0;0;0;0;0;0;0;0;0;0;0;0;0;0;;;;;0,00;;;;;;;;;;;;;;;;;;;;;;;;;;;;;;;;;;;;;;;;;;;;;;;;;;;;;;;;;109,48;77,57;38,63;20,24;129,54;34,39;6,82;6,32;223,67;20,73;25,4;12,47;94,38;9,84;0,15;0,27;0,07;0,02;0,2;0,03;0,05;0,34;0,01;4,69;0,5;0,02;0;0;0,19;0;0,05;12,49;0;0,08;2,4;66,6;0,13;0,97;3,81;60,42;;;;;962,98
16.09.2022;16.09.2022;08:00;17:00;RD-22-02604;Redispatch;20220916_RD-22-02604_13(1)MKW-014;Markt-KW 13(1);I;PRD1;50Hertz/Amprion/TenneT DE/TransnetBW;AMP-TTG / 380kV / Doerpen West - Meppen - Niederlangen / Emsland O-W;50Hertz;Lippendorf EnBW;11WD8LIPD1LD4--9;KW-Block;10YDE-VE-------2;;;;;;;;;;;;;;;;;;;;;;;;;;;;;;;;;E;E;E;E;E;E;E;E;E;E;E;E;E;E;E;E;E;E;E;E;E;E;E;E;E;E;E;E;E;E;E;E;E;E;E;E;;;;;;;;;;;;;;;;;;;;;;;;;;;;;;;;;E;Nein;Senke;0;0;-69349,75;48,48829;37,62722;2,54825;11,33624;48,48829;37,62722;2,54825;11,33624;-33626,50789;-26094,383;-1767,205004;-7861,654099;;;;;;;;;;;;;;;;;;;;;;;;;;;;;;;;;-172;-172;-172;-172;-372;-372;-372;-372;-372;-372;-372;-372;-372;-372;-372;-372;-258;-258;-258;-258;-58;0;0;0;0;0;0;0;0;0;0;0;-50;-50;-50;-50;;;;;;;;;;;;;;;;;;;;;;;;;;;;;;;;;-1610,5;;;;;;;;;;;;;;;;;;;;;;;;;;;;;;;;;-2726,2;-2726,2;-2726,2;-2726,2;-5896,2;-5896,2;-5896,2;-5896,2;-5896,2;-5896,2;-5896,2;-5896,2;-5896,2;-5896,2;-5896,2;-5896,2;-4089,3;-4089,3;-4089,3;-4089,3;-919,3;0;0;0;0;0;0;0;0;0;0;0;-792,5;-792,5;-792,5;-792,5;;;;;;;;;;;;;;;;;;;;;;;;;;;;;;;;;-102.105,70;0;0;;;;;;;;;;;;;;;;;;;;;;;;;;;;;;;;;0;0;0;0;0;0;0;0;0;0;0;0;0;0;0;0;0;0;0;0;0;0;0;0;0;0;0;0;0;0;0;0;0;0;0;0;;;;;;;;;;;;;;;;;;;;;;;;;;;;;;;;;0;0;;;;;;;;;;;;;;;;;;;;;;;;;;;;;;;;;255,28;255,28;255,28;255,28;464,68;464,68;464,68;464,68;464,68;464,68;464,68;0;464,68;0;0;0;0;0;0;0;0;0;0;0;0;0;0;0;0;0;0;0;0;0;0;0;;;;;;;;;;;;;;;;;;;;;;;;;;;;;;;;;4.738,56;;;;;;;;;;;;;;;;;;;;;;;;;;;;;;;;;0;0;0;0;0;0;0;0;0;0;0;880,6;0;882,24;1401,78;4741,58;336,08;1601,6;2942,24;5198,76;1948,94;0;0;0;0;0;0;0;0;0;0;0;6847,46;903,61;208,25;124,24;;;;;;;;;;;;;;;;;;;;;;;;;;;;;;;;;28017,39
16.09.2022;16.09.2022;08:00;18:00;RD-22-02604;Redispatch;20220916_RD-22-02604_13(1)MKW-015;Markt-KW 13(1);I;PRD1;50Hertz/Amprion/TenneT DE/TransnetBW;AMP-TTG / 380kV / Doerpen West - Meppen - Niederlangen / Emsland O-W;50Hertz;Lippendorf VE;11WD8LIPD1LD8--U;KW-Block;10YDE-VE-------2;;;;;;;;;;;;;;;;;;;;;;;;;;;;;;;;;E;E;E;E;E;E;E;E;E;E;E;E;E;E;E;E;E;E;E;E;E;E;E;E;E;E;E;E;E;E;E;E;E;E;E;E;E;E;E;E;;;;;;;;;;;;;;;;;;;;;;;;;;;;;E;Nein;Senke;0;0;-117184,9;48,48829;37,62722;2,54825;11,33624;48,48829;37,62722;2,54825;11,33624;-56820,95415;-44093,42013;-2986,164214;-13284,36151;;;;;;;;;;;;;;;;;;;;;;;;;;;;;;;;;-188;-188;-188;-188;-388;-388;-388;-388;-388;-388;-388;-388;-388;-388;-388;-388;-405;-405;-405;-405;0;0;0;0;0;0;0;0;0;0;0;0;-190;-190;-190;-190;-57;-57;-57;-57;;;;;;;;;;;;;;;;;;;;;;;;;;;;;-2004;;;;;;;;;;;;;;;;;;;;;;;;;;;;;;;;;-3442,85;-3442,85;-3442,85;-3442,85;-7105,46;-7105,46;-7105,46;-7105,46;-7105,46;-7105,46;-7105,46;-7105,46;-7105,46;-7105,46;-7105,46;-7105,46;-7416,79;-7416,79;-7416,79;-7416,79;0;0;0;0;0;0;0;0;0;0;0;0;-3479,48;-3479,48;-3479,48;-3479,48;-1043,84;-1043,84;-1043,84;-1043,84;;;;;;;;;;;;;;;;;;;;;;;;;;;;;-146.797,36;0;0;;;;;;;;;;;;;;;;;;;;;;;;;;;;;;;;;0;0;0;0;0;0;0;0;0;0;0;0;0;0;0;0;0;0;0;0;0;0;0;0;0;0;0;0;0;0;0;0;0;0;0;0;0;0;0;0;;;;;;;;;;;;;;;;;;;;;;;;;;;;;0;0;;;;;;;;;;;;;;;;;;;;;;;;;;;;;;;;;0;0;0;0;0;0;0;0;0;0;0;0;0;0;0;0;0;0;0;0;0;0;0;0;0;0;0;0;0;0;0;0;0;0;0;0;0;0;0;0;;;;;;;;;;;;;;;;;;;;;;;;;;;;;0,00;;;;;;;;;;;;;;;;;;;;;;;;;;;;;;;;;0;0;0;0,12;0;0,02;4,49;278,67;0,97;81,3;215,6;882,3;189,25;885,24;1408,03;4829,66;506,3;2444,35;3495,53;6213,33;0;0;0;0;0;0;0;0;0;0;0;0;4198,5;1577,27;767,88;456,25;945,42;199,78;21,27;10,93;;;;;;;;;;;;;;;;;;;;;;;;;;;;;29612,46
16.09.2022;16.09.2022;08:00;18:00;RD-22-02604;Redispatch;20220916_RD-22-02604_13(1)MKW-016;Markt-KW 13(1);I;PRD1;50Hertz/Amprion/TenneT DE/TransnetBW;AMP-TTG / 380kV / Doerpen West - Meppen - Niederlangen / Emsland O-W;50Hertz;Schwarze Pumpe (Standort);11WD8SWPU1L----5;KW-Standort;10YDE-VE-------2;;;;;;;;;;;;;;;;;;;;;;;;;;;;;;;;;E;E;E;E;E;E;E;E;E;E;E;E;E;E;E;E;E;E;E;E;E;E;E;E;E;E;E;E;E;E;E;E;E;E;E;E;E;E;E;E;;;;;;;;;;;;;;;;;;;;;;;;;;;;;E;Nein;Senke;0;0;-128525,11;48,48829;37,62722;2,54825;11,33624;48,48829;37,62722;2,54825;11,33624;-62319,62806;-48360,42589;-3275,141116;-14569,91493;;;;;;;;;;;;;;;;;;;;;;;;;;;;;;;;;-50;-50;-50;-50;-50;-50;-50;-50;-702;-702;-702;-702;-501;-501;-501;-501;-630;-630;-630;-630;-60;-60;-60;-60;0;0;0;0;0;0;0;0;-480;-480;-480;-480;-153;-153;-153;-153;;;;;;;;;;;;;;;;;;;;;;;;;;;;;-2626;;;;;;;;;;;;;;;;;;;;;;;;;;;;;;;;;-847,97;-847,97;-847,97;-847,97;-847,97;-847,97;-847,97;-847,97;-12043,29;-12043,29;-12043,29;-12043,29;-8634,44;-8634,44;-8634,44;-8634,44;-10830,49;-10830,49;-10830,49;-10830,49;-1017,57;-1017,57;-1017,57;-1017,57;0;0;0;0;0;0;0;0;-8286,57;-8286,57;-8286,57;-8286,57;-2674,02;-2674,02;-2674,02;-2674,02;;;;;;;;;;;;;;;;;;;;;;;;;;;;;-180.729,28;0;0;;;;;;;;;;;;;;;;;;;;;;;;;;;;;;;;;0;0;0;0;0;0;0;0;0;0;0;0;0;0;0;0;0;0;0;0;0;0;0;0;0;0;0;0;0;0;0;0;0;0;0;0;0;0;0;0;;;;;;;;;;;;;;;;;;;;;;;;;;;;;0;0;;;;;;;;;;;;;;;;;;;;;;;;;;;;;;;;;0;0;0;0;0;0;0;0;0;0;0;0;0;0;0;0;0;0;0;0;0;0;0;0;0;0;0;0;0;0;0;0;0;0;0;0;0;0;0;0;;;;;;;;;;;;;;;;;;;;;;;;;;;;;0,00;;;;;;;;;;;;;;;;;;;;;;;;;;;;;;;;;0;0;0;0,02;0;0;0,46;31,85;1,39;127,36;338,55;1445,4;215,49;1045,68;1666,87;5903,83;713,89;3554,48;5111,11;9215,73;227,23;528,45;659,44;1495,89;0;0;0;0;0;0;0;0;10236,37;3754,53;1813,64;1067,89;2462,15;507,34;52,07;27,06;;;;;;;;;;;;;;;;;;;;;;;;;;;;;52204,17
16.09.2022;16.09.2022;13:00;00:00;RD-22-02605;Redispatch;20220916_RD-22-02605_13(1)MKW-038;Markt-KW 13(1);I;PRD2;50Hertz/Amprion/TenneT DE/TransnetBW;AMP-TTG / 380kV / Doerpen West - Meppen - Niederlangen / Emsland O-W//50H / 220kV / G¸strow - Pasewalk / 315;50Hertz;Boxberg (Standort);11WD8BOXB1L----J;KW-Standort;10YDE-VE-------2;;;;;;;;;;;;;;;;;;;;;;;;;;;;;;;;;;;;;;;;;;;;;;;;;;;;;E;E;E;E;E;E;E;E;E;E;E;E;E;E;E;E;E;E;E;E;E;E;E;E;E;E;E;E;E;E;E;E;E;E;E;E;E;E;E;E;E;E;E;E;;;;;E;Nein;Senke;0;0;-68807,79;55,11936;39,58636;1,57588;3,7184;55,74905;36,35153;4,48487;3,41455;-38359,68925;-25012,68442;-3085,939931;-2349,476393;;;;;;;;;;;;;;;;;;;;;;;;;;;;;;;;;;;;;;;;;;;;;;;;;;;;;-400;-400;-400;-400;-340;-340;-340;-340;0;0;0;0;0;0;0;0;0;0;0;0;0;0;0;0;-161;-161;-161;-161;-148;-148;-148;-148;0;0;0;0;-159;-159;-159;-159;-182;-182;-182;-182;;;;;-1390;;;;;;;;;;;;;;;;;;;;;;;;;;;;;;;;;;;;;;;;;;;;;;;;;;;;;-7320,33;-7320,33;-7320,33;-7320,33;-6207,78;-6207,78;-6207,78;-6207,78;0;0;0;0;0;0;0;0;0;0;0;0;0;0;0;0;-3363,56;-3363,56;-3363,56;-3363,56;-3011,39;-3011,39;-3011,39;-3011,39;0;0;0;0;-3044,98;-3044,98;-3044,98;-3044,98;-3407,93;-3407,93;-3407,93;-3407,93;;;;;-105.423,88;0;0;;;;;;;;;;;;;;;;;;;;;;;;;;;;;;;;;;;;;;;;;;;;;;;;;;;;;0;0;0;0;0;0;0;0;0;0;0;0;0;0;0;0;0;0;0;0;0;0;0;0;0;0;0;0;0;0;0;0;0;0;0;0;0;0;0;0;0;0;0;0;;;;;0;0;;;;;;;;;;;;;;;;;;;;;;;;;;;;;;;;;;;;;;;;;;;;;;;;;;;;;0;0;0;0;0;0;0;0;0;0;0;0;0;0;0;0;0;0;0;0;0;0;0;0;0;0;0;0;0;0;0;0;0;0;0;0;0;0;0;0;0;0;0;0;;;;;0,00;;;;;;;;;;;;;;;;;;;;;;;;;;;;;;;;;;;;;;;;;;;;;;;;;;;;;7264,68;4411,45;4247,29;3512,24;4062,78;3585,68;3411,01;2498,75;0;0;0;0;0;0;0;0;0;0;0;0;0;0;0;0;25,36;12,5;1,41;38,75;6,37;1,81;1,11;2,18;0;0;0;0;10,36;243,45;425,41;1014,34;46,34;65,88;503,42;1223,52;;;;;36616,09
16.09.2022;16.09.2022;00:00;00:00;RD-22-02605;Redispatch;20220916_RD-22-02605_13(1)MKW-039;Markt-KW 13(1);I;PRD2;50Hertz/Amprion/TenneT DE/TransnetBW;AMP-TTG / 380kV / Doerpen West - Meppen - Niederlangen / Emsland O-W//50H / 220kV / G¸strow - Pasewalk / 315;50Hertz;Schwarze Pumpe (Standort);11WD8SWPU1L----5;KW-Standort;10YDE-VE-------2;E;E;E;E;E;E;E;E;E;E;E;E;E;E;E;E;E;E;E;E;E;E;E;E;E;E;E;E;E;E;E;E;E;E;E;E;E;E;E;E;E;E;E;E;E;E;E;E;E;E;E;E;E;E;E;E;E;E;E;E;E;E;E;E;E;E;E;E;E;E;E;E;E;E;E;E;E;E;E;E;E;E;E;E;E;E;E;E;E;E;E;E;E;E;E;E;;;;;E;Nein;Senke;0;0;-304435,66;55,11936;39,58636;1,57588;3,7184;55,71857;37,74707;2,98873;3,54563;-169627,1963;-114915,5417;-9098,759901;-10794,16209;-174;-174;-174;-174;-145;-145;-145;-145;-100;-100;-100;-100;-149;-149;-149;-149;-50;-50;-50;-50;-149;-149;-149;-149;-149;-149;-149;-149;-172;-172;-172;-172;-360;-360;-360;-360;-146;-146;-146;-146;0;0;0;0;-167;-167;-167;-167;-65;-65;-65;-65;-122;-122;-122;-122;-60;-60;-60;-60;0;0;0;0;0;0;0;0;-273;-273;-273;-273;-310;-310;-310;-310;-436;-436;-436;-436;-436;-436;-436;-436;-585;-585;-585;-585;-436;-436;-436;-436;-436;-436;-436;-436;;;;;-4920;-2.950,95;-2.950,95;-2.950,95;-2.950,95;-2459,12;-2459,12;-2459,12;-2459,12;-1695,95;-1695,95;-1695,95;-1695,95;-2.526,96;-2.526,96;-2.526,96;-2.526,96;-847,97;-847,97;-847,97;-847,97;-2526,96;-2526,96;-2526,96;-2526,96;-2526,96;-2526,96;-2526,96;-2526,96;-2917,03;-2917,03;-2917,03;-2917,03;-6191,37;-6191,37;-6191,37;-6191,37;-2551,68;-2551,68;-2551,68;-2551,68;0;0;0;0;-2832,23;-2832,23;-2832,23;-2832,23;-1102,37;-1102,37;-1102,37;-1102,37;-2069,06;-2069,06;-2069,06;-2069,06;-1017,57;-1017,57;-1017,57;-1017,57;0;0;0;0;0;0;0;0;-4675,5;-4675,5;-4675,5;-4675,5;-5336,66;-5336,66;-5336,66;-5336,66;-7519,12;-7519,12;-7519,12;-7519,12;-7519,12;-7519,12;-7519,12;-7519,12;-10077,67;-10077,67;-10077,67;-10077,67;-7519,12;-7519,12;-7519,12;-7519,12;-7519,12;-7519,12;-7519,12;-7519,12;;;;;-337.529,96;0;0;0;0;0;0;0;0;0;0;0;0;0;0;0;0;0;0;0;0;0;0;0;0;0;0;0;0;0;0;0;0;0;0;0;0;0;0;0;0;0;0;0;0;0;0;0;0;0;0;0;0;0;0;0;0;0;0;0;0;0;0;0;0;0;0;0;0;0;0;0;0;0;0;0;0;0;0;0;0;0;0;0;0;0;0;0;0;0;0;0;0;0;0;0;0;0;0;;;;;0;0;0;0;0;0;0;0;0;0;0;0;0;0;0;0;0;0;0;0;0;0;0;0;0;0;0;0;0;0;0;0;0;0;0;0;0;0;0;0;0;0;0;0;0;0;0;0;0;0;0;0;0;0;0;0;0;0;0;0;0;0;0;0;0;0;0;0;0;0;0;0;0;0;0;0;0;0;0;0;0;0;0;0;0;0;0;0;0;0;0;0;0;0;0;0;0;0;;;;;0,00;60,48;43,48;100,83;388,09;5,7;57,75;210,85;113,11;67,01;61,96;118,68;156,6;153,42;66,21;91,73;175,26;80,4;62,22;35,09;14,06;423,76;87,72;2,12;0,2;39,29;0;0;0;0;0;0;0;0;0;0;0,18;0;0;1,46;97,39;0;0;0;0;69,51;340,57;543,18;1940,13;72,14;361,56;520,51;941,36;462,04;1074,51;1340,86;3041,65;754,09;668,5;638,69;472,8;0;0;0;0;0;0;0;0;4337,46;884,33;89,38;46,69;67,3;6,65;15,34;6,19;45,41;22,56;2,18;78,65;13,8;3,25;1,72;3,13;76,73;24,47;558,99;2999,68;20,11;551,13;987,31;2464,91;88,7;123,18;1018;2599,91;;;;;33094,3
16.09.2022;16.09.2022;10:00;13:00;RD-22-02605;Redispatch;20220916_RD-22-02605_13(1)MKW-101;Markt-KW 13(1);I;PRD2;50Hertz/Amprion/TenneT DE/TransnetBW;AMP-TTG / 380kV / Doerpen West - Meppen - Niederlangen / Emsland O-W//50H / 220kV / G¸strow - Pasewalk / 315;50Hertz;J‰nschwalde (Standort);11WD8JAEN1L----Z;KW-Standort;10YDE-VE-------2;;;;;;;;;;;;;;;;;;;;;;;;;;;;;;;;;;;;;;;;;E;E;E;E;E;E;E;E;E;E;E;E;;;;;;;;;;;;;;;;;;;;;;;;;;;;;;;;;;;;;;;;;;;;;;;;;E;Nein;Senke;0;0;-8413,27;55,11936;39,58636;1,57588;3,7184;56,14;31,07307;9,8682;2,91873;-4723,209778;-2614,261276;-830,2383101;-245,5606355;;;;;;;;;;;;;;;;;;;;;;;;;;;;;;;;;;;;;;;;;-20;-20;-20;-20;-92;-92;-92;-92;-45;-45;-45;-45;;;;;;;;;;;;;;;;;;;;;;;;;;;;;;;;;;;;;;;;;;;;;;;;;-157;;;;;;;;;;;;;;;;;;;;;;;;;;;;;;;;;;;;;;;;;-414,83;-414,83;-414,83;-414,83;-1908,21;-1908,21;-1908,21;-1908,21;-933,37;-933,37;-933,37;-933,37;;;;;;;;;;;;;;;;;;;;;;;;;;;;;;;;;;;;;;;;;;;;;;;;;-13.025,64;0;0;;;;;;;;;;;;;;;;;;;;;;;;;;;;;;;;;;;;;;;;;0;0;0;0;0;0;0;0;0;0;0;0;;;;;;;;;;;;;;;;;;;;;;;;;;;;;;;;;;;;;;;;;;;;;;;;;0;0;;;;;;;;;;;;;;;;;;;;;;;;;;;;;;;;;;;;;;;;;0;0;0;0;0;0;0;0;0;0;0;0;;;;;;;;;;;;;;;;;;;;;;;;;;;;;;;;;;;;;;;;;;;;;;;;;0,00;;;;;;;;;;;;;;;;;;;;;;;;;;;;;;;;;;;;;;;;;0,08;5,63;14,83;55,66;59,13;255,05;403,27;1289,57;1283,37;602,77;408,47;234,52;;;;;;;;;;;;;;;;;;;;;;;;;;;;;;;;;;;;;;;;;;;;;;;;;4612,37
16.09.2022;16.09.2022;05:45;08:00;RD-22-02609;Redispatch;20220916_RD-22-02609_Boerse-002;Bˆrse;I;interner RD;50Hertz;50H / 220kV / Bertikow - Pasewalk / 305;50Hertz;Bˆrse;50H_Frontoffice;Bˆrse;10YDE-VE-------2;;;;;;;;;;;;;;;;;;;;;;;;E;E;E;E;E;E;E;E;E;;;;;;;;;;;;;;;;;;;;;;;;;;;;;;;;;;;;;;;;;;;;;;;;;;;;;;;;;;;;;;;;;;;;;E;Nein;Quelle;0;0;47622,67;0;0;0;100;0;0;0;100;0;0;0;47622,67;;;;;;;;;;;;;;;;;;;;;;;;50;50;50;50;50;50;50;50;50;;;;;;;;;;;;;;;;;;;;;;;;;;;;;;;;;;;;;;;;;;;;;;;;;;;;;;;;;;;;;;;;;;;;;112,5;;;;;;;;;;;;;;;;;;;;;;;;5837,23;5208,86;5208,86;5208,86;5208,86;5237,5;5237,5;5237,5;5237,5;;;;;;;;;;;;;;;;;;;;;;;;;;;;;;;;;;;;;;;;;;;;;;;;;;;;;;;;;;;;;;;;;;;;;47.622,67;0;0;;;;;;;;;;;;;;;;;;;;;;;;0;0;0;0;0;0;0;0;0;;;;;;;;;;;;;;;;;;;;;;;;;;;;;;;;;;;;;;;;;;;;;;;;;;;;;;;;;;;;;;;;;;;;;0;0;;;;;;;;;;;;;;;;;;;;;;;;0;0;0;0;0;0;0;0;0;;;;;;;;;;;;;;;;;;;;;;;;;;;;;;;;;;;;;;;;;;;;;;;;;;;;;;;;;;;;;;;;;;;;;0,00;;;;;;;;;;;;;;;;;;;;;;;;0;0;0;0;0;0;0;0;0;;;;;;;;;;;;;;;;;;;;;;;;;;;;;;;;;;;;;;;;;;;;;;;;;;;;;;;;;;;;;;;;;;;;;0
16.09.2022;16.09.2022;12:00;13:45;RD-22-02612;Redispatch;20220916_RD-22-02612_13(1)MKW-004;Markt-KW 13(1);I;Amtshilfe f¸r;TenneT DE;TTG / 220kV / Altheim - Y-Simbach / 233/230;50Hertz;Lippendorf EnBW;11WD8LIPD1LD4--9;KW-Block;10YDE-VE-------2;;;;;;;;;;;;;;;;;;;;;;;;;;;;;;;;;;;;;;;;;;;;;;;;;E;E;E;E;E;E;E;;;;;;;;;;;;;;;;;;;;;;;;;;;;;;;;;;;;;;;;;;;;;;E;Nein;Senke;0;0;3933,22;0;100;0;0;0;100;0;0;0;3933,22;0;0;;;;;;;;;;;;;;;;;;;;;;;;;;;;;;;;;;;;;;;;;;;;;;;;;-155;-155;-41;-41;-146;-146;-46;;;;;;;;;;;;;;;;;;;;;;;;;;;;;;;;;;;;;;;;;;;;;;-182,5;;;;;;;;;;;;;;;;;;;;;;;;;;;;;;;;;;;;;;;;;;;;;;;;;-2456,75;-2456,75;-649,85;-649,85;-2314,1;-2314,1;-729,1;;;;;;;;;;;;;;;;;;;;;;;;;;;;;;;;;;;;;;;;;;;;;;-11.570,50;0;0;;;;;;;;;;;;;;;;;;;;;;;;;;;;;;;;;;;;;;;;;;;;;;;;;0;0;0;0;0;0;0;;;;;;;;;;;;;;;;;;;;;;;;;;;;;;;;;;;;;;;;;;;;;;0;0;;;;;;;;;;;;;;;;;;;;;;;;;;;;;;;;;;;;;;;;;;;;;;;;;0;0;0;0;0;0;0;;;;;;;;;;;;;;;;;;;;;;;;;;;;;;;;;;;;;;;;;;;;;;0,00;;;;;;;;;;;;;;;;;;;;;;;;;;;;;;;;;;;;;;;;;;;;;;;;;201,91;962,2;467,57;826,16;4905,96;4145,12;3994,81;;;;;;;;;;;;;;;;;;;;;;;;;;;;;;;;;;;;;;;;;;;;;;15503,72
16.09.2022;16.09.2022;12:00;13:00;RD-22-02612;Redispatch;20220916_RD-22-02612_13(1)MKW-005;Markt-KW 13(1);I;Amtshilfe f¸r;TenneT DE;TTG / 220kV / Altheim - Y-Simbach / 233/230;50Hertz;Boxberg (Standort);11WD8BOXB1L----J;KW-Standort;10YDE-VE-------2;;;;;;;;;;;;;;;;;;;;;;;;;;;;;;;;;;;;;;;;;;;;;;;;;E;E;E;E;;;;;;;;;;;;;;;;;;;;;;;;;;;;;;;;;;;;;;;;;;;;;;;;;E;Nein;Senke;0;0;-5427,96;0;100;0;0;0;100;0;0;0;-5427,96;0;0;;;;;;;;;;;;;;;;;;;;;;;;;;;;;;;;;;;;;;;;;;;;;;;;;-126;-126;-126;-126;;;;;;;;;;;;;;;;;;;;;;;;;;;;;;;;;;;;;;;;;;;;;;;;;-126;;;;;;;;;;;;;;;;;;;;;;;;;;;;;;;;;;;;;;;;;;;;;;;;;-2432;-2432;-2432;-2432;;;;;;;;;;;;;;;;;;;;;;;;;;;;;;;;;;;;;;;;;;;;;;;;;-9.728,00;0;0;;;;;;;;;;;;;;;;;;;;;;;;;;;;;;;;;;;;;;;;;;;;;;;;;0;0;0;0;;;;;;;;;;;;;;;;;;;;;;;;;;;;;;;;;;;;;;;;;;;;;;;;;0;0;;;;;;;;;;;;;;;;;;;;;;;;;;;;;;;;;;;;;;;;;;;;;;;;;0;0;0;0;;;;;;;;;;;;;;;;;;;;;;;;;;;;;;;;;;;;;;;;;;;;;;;;;0,00;;;;;;;;;;;;;;;;;;;;;;;;;;;;;;;;;;;;;;;;;;;;;;;;;428,63;858,63;1127,98;1884,8;;;;;;;;;;;;;;;;;;;;;;;;;;;;;;;;;;;;;;;;;;;;;;;;;4300,04
16.09.2022;16.09.2022;12:00;13:00;RD-22-02612;Redispatch;20220916_RD-22-02612_13(1)MKW-006;Markt-KW 13(1);I;Amtshilfe f¸r;TenneT DE;TTG / 220kV / Altheim - Y-Simbach / 233/230;50Hertz;J‰nschwalde (Standort);11WD8JAEN1L----Z;KW-Standort;10YDE-VE-------2;;;;;;;;;;;;;;;;;;;;;;;;;;;;;;;;;;;;;;;;;;;;;;;;;E;E;E;E;;;;;;;;;;;;;;;;;;;;;;;;;;;;;;;;;;;;;;;;;;;;;;;;;E;Nein;Senke;0;0;-3489,92;0;100;0;0;0;100;0;0;0;-3489,92;0;0;;;;;;;;;;;;;;;;;;;;;;;;;;;;;;;;;;;;;;;;;;;;;;;;;-75;-75;-75;-75;;;;;;;;;;;;;;;;;;;;;;;;;;;;;;;;;;;;;;;;;;;;;;;;;-75;;;;;;;;;;;;;;;;;;;;;;;;;;;;;;;;;;;;;;;;;;;;;;;;;-1.517,55;-1.517,55;-1.517,55;-1.517,55;;;;;;;;;;;;;;;;;;;;;;;;;;;;;;;;;;;;;;;;;;;;;;;;;-6.070,20;0;0;;;;;;;;;;;;;;;;;;;;;;;;;;;;;;;;;;;;;;;;;;;;;;;;;0;0;0;0;;;;;;;;;;;;;;;;;;;;;;;;;;;;;;;;;;;;;;;;;;;;;;;;;0;0;;;;;;;;;;;;;;;;;;;;;;;;;;;;;;;;;;;;;;;;;;;;;;;;;0;0;0;0;;;;;;;;;;;;;;;;;;;;;;;;;;;;;;;;;;;;;;;;;;;;;;;;;0;;;;;;;;;;;;;;;;;;;;;;;;;;;;;;;;;;;;;;;;;;;;;;;;;110,55;506,58;717,61;1.245,54;;;;;;;;;;;;;;;;;;;;;;;;;;;;;;;;;;;;;;;;;;;;;;;;;2.580,28
16.09.2022;16.09.2022;15:00;18:00;RD-22-02620;Redispatch;20220916_RD-22-02620_13(1)MKW-002;Markt-KW 13(1);I;Amtshilfe f¸r;TenneT DE;TTG / 380kV / Grohnde - Vˆrden - W¸rgassen / 1;50Hertz;Boxberg (Standort);11WD8BOXB1L----J;KW-Standort;10YDE-VE-------2;;;;;;;;;;;;;;;;;;;;;;;;;;;;;;;;;;;;;;;;;;;;;;;;;;;;;;;;;;;;;E;E;E;E;E;E;E;E;E;E;E;E;;;;;;;;;;;;;;;;;;;;;;;;;;;;;E;Nein;Senke;0;0;-17062,75;0;100;0;0;0;100;0;0;0;-17062,75;0;0;;;;;;;;;;;;;;;;;;;;;;;;;;;;;;;;;;;;;;;;;;;;;;;;;;;;;;;;;;;;;-70;-70;-70;-70;-150;-150;-150;-150;-150;-150;-150;-150;;;;;;;;;;;;;;;;;;;;;;;;;;;;;-370;;;;;;;;;;;;;;;;;;;;;;;;;;;;;;;;;;;;;;;;;;;;;;;;;;;;;;;;;;;;;-1.404,34;-1.404,34;-1.404,34;-1.404,34;-2.821,21;-2.821,21;-2.821,21;-2.821,21;-2.821,21;-2.821,21;-2.821,21;-2.821,21;;;;;;;;;;;;;;;;;;;;;;;;;;;;;-28.187,04;0;0;;;;;;;;;;;;;;;;;;;;;;;;;;;;;;;;;;;;;;;;;;;;;;;;;;;;;;;;;;;;;0;0;0;0;0;0;0;0;0;0;0;0;;;;;;;;;;;;;;;;;;;;;;;;;;;;;0;0;;;;;;;;;;;;;;;;;;;;;;;;;;;;;;;;;;;;;;;;;;;;;;;;;;;;;;;;;;;;;0;0;0;0;0;0;0;0;0;0;0;0;;;;;;;;;;;;;;;;;;;;;;;;;;;;;0;;;;;;;;;;;;;;;;;;;;;;;;;;;;;;;;;;;;;;;;;;;;;;;;;;;;;;;;;;;;;551,16;562,31;553,23;637,32;3.370,84;1.281,55;626,59;374,1;2.533,43;544,05;59,43;30,29;;;;;;;;;;;;;;;;;;;;;;;;;;;;;11.124,29
16.09.2022;16.09.2022;14:00;18:00;RD-22-02620;Redispatch;20220916_RD-22-02620_13(1)MKW-003;Markt-KW 13(1);I;Amtshilfe f¸r;TenneT DE;TTG / 380kV / Grohnde - Vˆrden - W¸rgassen / 1;50Hertz;J‰nschwalde (Standort);11WD8JAEN1L----Z;KW-Standort;10YDE-VE-------2;;;;;;;;;;;;;;;;;;;;;;;;;;;;;;;;;;;;;;;;;;;;;;;;;;;;;;;;;E;E;E;E;E;E;E;E;E;E;E;E;E;E;E;E;;;;;;;;;;;;;;;;;;;;;;;;;;;;;E;Nein;Senke;0;0;-17648,38;0;100;0;0;0;100;0;0;0;-17648,38;0;0;;;;;;;;;;;;;;;;;;;;;;;;;;;;;;;;;;;;;;;;;;;;;;;;;;;;;;;;;-57;-57;-57;-57;0;0;0;0;-150;-150;-150;-150;-150;-150;-150;-150;;;;;;;;;;;;;;;;;;;;;;;;;;;;;-357;;;;;;;;;;;;;;;;;;;;;;;;;;;;;;;;;;;;;;;;;;;;;;;;;;;;;;;;;-1.153,84;-1.153,84;-1.153,84;-1.153,84;0;0;0;0;-3.073,16;-3.073,16;-3.073,16;-3.073,16;-3.073,16;-3.073,16;-3.073,16;-3.073,16;;;;;;;;;;;;;;;;;;;;;;;;;;;;;-29.200,64;0;0;;;;;;;;;;;;;;;;;;;;;;;;;;;;;;;;;;;;;;;;;;;;;;;;;;;;;;;;;0;0;0;0;0;0;0;0;0;0;0;0;0;0;0;0;;;;;;;;;;;;;;;;;;;;;;;;;;;;;0;0;;;;;;;;;;;;;;;;;;;;;;;;;;;;;;;;;;;;;;;;;;;;;;;;;;;;;;;;;0;0;0;0;0;0;0;0;0;0;0;0;0;0;0;0;;;;;;;;;;;;;;;;;;;;;;;;;;;;;0;;;;;;;;;;;;;;;;;;;;;;;;;;;;;;;;;;;;;;;;;;;;;;;;;;;;;;;;;628,71;550,84;520,25;374,54;0;0;0;0;3.560,76;1.403,54;694,75;420,53;2.686,81;605,33;70,83;35,36;;;;;;;;;;;;;;;;;;;;;;;;;;;;;11.552,26
16.09.2022;16.09.2022;14:00;15:00;RD-22-02620;Redispatch;20220916_RD-22-02620_13(1)MKW-004;Markt-KW 13(1);I;Amtshilfe f¸r;TenneT DE;TTG / 380kV / Grohnde - Vˆrden - W¸rgassen / 1;50Hertz;Lippendorf VE;11WD8LIPD1LD8--U;KW-Block;10YDE-VE-------2;;;;;;;;;;;;;;;;;;;;;;;;;;;;;;;;;;;;;;;;;;;;;;;;;;;;;;;;;E;E;E;E;;;;;;;;;;;;;;;;;;;;;;;;;;;;;;;;;;;;;;;;;E;Nein;Senke;0;0;-5527,09;0;100;0;0;0;100;0;0;0;-5527,09;0;0;;;;;;;;;;;;;;;;;;;;;;;;;;;;;;;;;;;;;;;;;;;;;;;;;;;;;;;;;-165;-165;-165;-165;;;;;;;;;;;;;;;;;;;;;;;;;;;;;;;;;;;;;;;;;-165;;;;;;;;;;;;;;;;;;;;;;;;;;;;;;;;;;;;;;;;;;;;;;;;;;;;;;;;;-3.021,65;-3.021,65;-3.021,65;-3.021,65;;;;;;;;;;;;;;;;;;;;;;;;;;;;;;;;;;;;;;;;;-12.086,60;0;0;;;;;;;;;;;;;;;;;;;;;;;;;;;;;;;;;;;;;;;;;;;;;;;;;;;;;;;;;0;0;0;0;;;;;;;;;;;;;;;;;;;;;;;;;;;;;;;;;;;;;;;;;0;0;;;;;;;;;;;;;;;;;;;;;;;;;;;;;;;;;;;;;;;;;;;;;;;;;;;;;;;;;0;0;0;0;;;;;;;;;;;;;;;;;;;;;;;;;;;;;;;;;;;;;;;;;0;;;;;;;;;;;;;;;;;;;;;;;;;;;;;;;;;;;;;;;;;;;;;;;;;;;;;;;;;1.966,49;1.735,06;1.650,09;1.207,87;;;;;;;;;;;;;;;;;;;;;;;;;;;;;;;;;;;;;;;;;6.559,51
16.09.2022;16.09.2022;14:00;16:00;RD-22-02620;Redispatch;20220916_RD-22-02620_13(1)MKW-005;Markt-KW 13(1);I;Amtshilfe f¸r;TenneT DE;TTG / 380kV / Grohnde - Vˆrden - W¸rgassen / 1;50Hertz;Schwarze Pumpe (Standort);11WD8SWPU1L----5;KW-Standort;10YDE-VE-------2;;;;;;;;;;;;;;;;;;;;;;;;;;;;;;;;;;;;;;;;;;;;;;;;;;;;;;;;;E;E;E;E;E;E;E;E;;;;;;;;;;;;;;;;;;;;;;;;;;;;;;;;;;;;;E;Nein;Senke;0;0;-12473,83;0;100;0;0;0;100;0;0;0;-12473,83;0;0;;;;;;;;;;;;;;;;;;;;;;;;;;;;;;;;;;;;;;;;;;;;;;;;;;;;;;;;;-194;-194;-194;-194;-230;-230;-230;-230;;;;;;;;;;;;;;;;;;;;;;;;;;;;;;;;;;;;;-424;;;;;;;;;;;;;;;;;;;;;;;;;;;;;;;;;;;;;;;;;;;;;;;;;;;;;;;;;-3.366,78;-3.366,78;-3.366,78;-3.366,78;-3.962,81;-3.962,81;-3.962,81;-3.962,81;;;;;;;;;;;;;;;;;;;;;;;;;;;;;;;;;;;;;-29.318,36;0;0;;;;;;;;;;;;;;;;;;;;;;;;;;;;;;;;;;;;;;;;;;;;;;;;;;;;;;;;;0;0;0;0;0;0;0;0;;;;;;;;;;;;;;;;;;;;;;;;;;;;;;;;;;;;;0;0;;;;;;;;;;;;;;;;;;;;;;;;;;;;;;;;;;;;;;;;;;;;;;;;;;;;;;;;;0;0;0;0;0;0;0;0;;;;;;;;;;;;;;;;;;;;;;;;;;;;;;;;;;;;;0;;;;;;;;;;;;;;;;;;;;;;;;;;;;;;;;;;;;;;;;;;;;;;;;;;;;;;;;;2.401,02;2.125,61;2.028,16;1.496,55;2.071,51;2.140,22;2.147,11;2.434,35;;;;;;;;;;;;;;;;;;;;;;;;;;;;;;;;;;;;;16.844,53
17.09.2022;17.09.2022;00:00;00:00;RD-22-02622;Redispatch;20220917_RD-22-02622_13(1)MKW-011;Markt-KW 13(1);I;PRD1;50Hertz/Amprion/TenneT DE/TransnetBW;AMP-TTG / 380kV / Meppen - Y-Niederlangen / Emsland O-W;50Hertz;Lippendorf EnBW;11WD8LIPD1LD4--9;KW-Block;10YDE-VE-------2;E;E;E;E;E;E;E;E;E;E;E;E;E;E;E;E;E;E;E;E;E;E;E;E;E;E;E;E;E;E;E;E;E;E;E;E;E;E;E;E;E;E;E;E;E;E;E;E;E;E;E;E;E;E;E;E;E;E;E;E;E;E;E;E;E;E;E;E;E;E;E;E;E;E;E;E;E;E;E;E;E;E;E;E;E;E;E;E;E;E;E;E;E;E;E;E;;;;;E;Nein;Senke;0;0;-83063,54;48,48829;37,62722;2,54825;11,33624;55,02452;32,85277;2,22491;9,8978;-45705,31418;-27288,67375;-1848,089008;-8221,463062;-180;-180;-180;-180;-360;-360;-360;-360;-413;-413;-413;-413;-413;-413;-413;-413;-353;-353;-353;-353;-180;-180;-180;-180;0;0;0;0;-100;-100;-100;-100;-100;-100;-100;-100;-35;-35;-35;-35;-41;-41;-41;-41;0;0;0;0;0;0;0;0;0;0;0;0;0;0;0;0;0;0;0;0;0;0;0;0;0;0;0;0;-50;-50;-50;-50;-50;-50;-50;-50;-50;-50;-50;-50;-50;-50;-50;-50;-50;-50;-50;-50;0;0;0;0;;;;;-2.425,00;-2.853,00;-2.853,00;-2.853,00;-2.853,00;-5.706,00;-5.706,00;-5.706,00;-5.706,00;-6.546,05;-6.546,05;-6.546,05;-6.546,05;-6.546,05;-6.546,05;-6.546,05;-6.546,05;-5.595,05;-5.595,05;-5.595,05;-5.595,05;-2.853,00;-2.853,00;-2.853,00;-2.853,00;0;0;0;0;-1.585,00;-1.585,00;-1.585,00;-1.585,00;-1.585,00;-1.585,00;-1.585,00;-1.585,00;-554,75;-554,75;-554,75;-554,75;-649,85;-649,85;-649,85;-649,85;0;0;0;0;0;0;0;0;0;0;0;0;0;0;0;0;0;0;0;0;0;0;0;0;0;0;0;0;-792,5;-792,5;-792,5;-792,5;-792,5;-792,5;-792,5;-792,5;-792,5;-792,5;-792,5;-792,5;-792,5;-792,5;-792,5;-792,5;-792,5;-792,5;-792,5;-792,5;0;0;0;0;;;;;-153.745,00;0;0;0;0;0;0;0;0;0;0;0;0;0;0;0;0;0;0;0;0;0;0;0;0;0;0;0;0;0;0;0;0;0;0;0;0;0;0;0;0;0;0;0;0;0;0;0;0;0;0;0;0;0;0;0;0;0;0;0;0;0;0;0;0;0;0;0;0;0;0;0;0;0;0;0;0;0;0;0;0;0;0;0;0;0;0;0;0;0;0;0;0;0;0;0;0;0;0;;;;;0;0;0;0;0;0;0;0;0;0;0;0;0;0;0;0;0;0;0;0;0;0;0;0;0;0;0;0;0;0;0;0;0;0;0;0;0;0;0;0;0;0;0;0;0;0;0;0;0;0;0;0;0;0;0;0;0;0;0;0;0;0;0;0;0;0;0;0;0;0;0;0;0;0;0;0;0;0;0;0;0;0;0;0;0;0;0;0;0;0;0;0;0;0;0;0;0;0;;;;;0;872,84;951,69;1.227,25;1.225,30;1.643,66;2.325,80;2.873,05;2.426,21;3.680,68;2.564,88;2.738,80;1.758,76;2.974,53;2.328,16;2.409,58;2.689,67;1.985,06;2.141,27;2.422,01;2.734,84;1.523,73;1.216,76;1.377,37;1.785,04;0;0;0;0;1.370,88;762,73;376,45;278,18;401,09;352,47;338,73;490,67;426,48;327,08;298,14;358,05;176;310,05;731,12;2.927,65;0;0;0;0;0;0;0;0;0;0;0;0;0;0;0;0;0;0;0;0;0;0;0;0;0;0;0;0;2.589,10;709,82;277,41;158,77;370,42;281,28;269,8;378,56;287,08;288,04;371,92;360,48;701,61;466,19;418,68;271,85;499,85;442,41;430,29;1.305,19;0;0;0;0;;;;;70.681,46
17.09.2022;17.09.2022;00:00;05:00;RD-22-02622;Redispatch;20220917_RD-22-02622_13(1)MKW-012;Markt-KW 13(1);I;PRD1;50Hertz/Amprion/TenneT DE/TransnetBW;AMP-TTG / 380kV / Meppen - Y-Niederlangen / Emsland O-W;50Hertz;Lippendorf VE;11WD8LIPD1LD8--U;KW-Block;10YDE-VE-------2;E;E;E;E;E;E;E;E;E;E;E;E;E;E;E;E;E;E;E;E;;;;;;;;;;;;;;;;;;;;;;;;;;;;;;;;;;;;;;;;;;;;;;;;;;;;;;;;;;;;;;;;;;;;;;;;;;;;;;;;;E;Nein;Senke;0;0;-34423,22;48,48829;37,62722;2,54825;11,33624;56,66132;31,65715;2,14394;9,53759;-19504,65084;-10897,41039;-738,0131829;-3283,145588;-200;-200;-200;-200;-253;-253;-253;-253;0;0;0;0;-253;-253;-253;-253;0;0;0;0;;;;;;;;;;;;;;;;;;;;;;;;;;;;;;;;;;;;;;;;;;;;;;;;;;;;;;;;;;;;;;;;;;;;;;;;;;;;;;;;;-706;-3.630,46;-3.630,46;-3.630,46;-3.630,46;-4.592,53;-4.592,53;-4.592,53;-4.592,53;0;0;0;0;-4.592,53;-4.592,53;-4.592,53;-4.592,53;0;0;0;0;;;;;;;;;;;;;;;;;;;;;;;;;;;;;;;;;;;;;;;;;;;;;;;;;;;;;;;;;;;;;;;;;;;;;;;;;;;;;;;;;-51.262,08;0;0;0;0;0;0;0;0;0;0;0;0;0;0;0;0;0;0;0;0;0;0;;;;;;;;;;;;;;;;;;;;;;;;;;;;;;;;;;;;;;;;;;;;;;;;;;;;;;;;;;;;;;;;;;;;;;;;;;;;;;;;;0;0;0;0;0;0;0;0;0;0;0;0;0;0;0;0;0;0;0;0;0;0;;;;;;;;;;;;;;;;;;;;;;;;;;;;;;;;;;;;;;;;;;;;;;;;;;;;;;;;;;;;;;;;;;;;;;;;;;;;;;;;;0;930,48;1.012,32;1.304,01;1.300,90;1.091,73;1.562,27;1.943,10;1.625,71;0;0;0;0;1.746,86;1.349,44;1.399,19;1.572,85;0;0;0;0;;;;;;;;;;;;;;;;;;;;;;;;;;;;;;;;;;;;;;;;;;;;;;;;;;;;;;;;;;;;;;;;;;;;;;;;;;;;;;;;;16.838,86
17.09.2022;17.09.2022;00:00;07:00;RD-22-02622;Redispatch;20220917_RD-22-02622_13(1)MKW-013;Markt-KW 13(1);I;PRD1;50Hertz/Amprion/TenneT DE/TransnetBW;AMP-TTG / 380kV / Meppen - Y-Niederlangen / Emsland O-W;50Hertz;Schwarze Pumpe (Standort);11WD8SWPU1L----5;KW-Standort;10YDE-VE-------2;E;E;E;E;E;E;E;E;E;E;E;E;E;E;E;E;E;E;E;E;E;E;E;E;E;E;E;E;;;;;;;;;;;;;;;;;;;;;;;;;;;;;;;;;;;;;;;;;;;;;;;;;;;;;;;;;;;;;;;;;;;;;;;;;E;Nein;Senke;0;0;-79843,44;48,48829;37,62722;2,54825;11,33624;56,21501;31,98316;2,16601;9,63582;-44883,99778;-25536,45516;-1729,416895;-7693,57016;-220;-220;-220;-220;-251;-251;-251;-251;-400;-400;-400;-400;-250;-250;-250;-250;-207;-207;-207;-207;-349;-349;-349;-349;-187;-187;-187;-187;;;;;;;;;;;;;;;;;;;;;;;;;;;;;;;;;;;;;;;;;;;;;;;;;;;;;;;;;;;;;;;;;;;;;;;;;-1.864,00;-3.753,48;-3.753,48;-3.753,48;-3.753,48;-4.282,63;-4.282,63;-4.282,63;-4.282,63;-6.824,51;-6.824,51;-6.824,51;-6.824,51;-4.265,31;-4.265,31;-4.265,31;-4.265,31;-3.531,94;-3.531,94;-3.531,94;-3.531,94;-5.956,68;-5.956,68;-5.956,68;-5.956,68;-3.190,71;-3.190,71;-3.190,71;-3.190,71;;;;;;;;;;;;;;;;;;;;;;;;;;;;;;;;;;;;;;;;;;;;;;;;;;;;;;;;;;;;;;;;;;;;;;;;;-127.221,04;0;0;0;0;0;0;0;0;0;0;0;0;0;0;0;0;0;0;0;0;0;0;0;0;0;0;0;0;0;0;;;;;;;;;;;;;;;;;;;;;;;;;;;;;;;;;;;;;;;;;;;;;;;;;;;;;;;;;;;;;;;;;;;;;;;;;0;0;0;0;0;0;0;0;0;0;0;0;0;0;0;0;0;0;0;0;0;0;0;0;0;0;0;0;0;0;;;;;;;;;;;;;;;;;;;;;;;;;;;;;;;;;;;;;;;;;;;;;;;;;;;;;;;;;;;;;;;;;;;;;;;;;0;952,32;1.031,99;1.326,42;1.321,34;981,02;1.432,09;1.802,85;1.483,50;2.807,54;2.932,39;3.165,60;4.474,20;1.603,27;1.209,69;1.258,43;1.432,63;1.367,47;1.459,12;1.295,14;1.213,61;2.844,74;2.704,42;2.012,36;1.695,69;1.598,36;1.029,31;576,43;365,65;;;;;;;;;;;;;;;;;;;;;;;;;;;;;;;;;;;;;;;;;;;;;;;;;;;;;;;;;;;;;;;;;;;;;;;;;47.377,60
17.09.2022;17.09.2022;01:00;04:00;RD-22-02622;Redispatch;20220917_RD-22-02622_13(1)MKW-042;Markt-KW 13(1);I;PRD1;50Hertz/Amprion/TenneT DE/TransnetBW;AMP-TTG / 380kV / Meppen - Y-Niederlangen / Emsland O-W;50Hertz;Boxberg (Standort);11WD8BOXB1L----J;KW-Standort;10YDE-VE-------2;;;;;E;E;E;E;E;E;E;E;E;E;E;E;;;;;;;;;;;;;;;;;;;;;;;;;;;;;;;;;;;;;;;;;;;;;;;;;;;;;;;;;;;;;;;;;;;;;;;;;;;;;;;;;;;;;E;Nein;Senke;0;0;-17382,41;48,48829;37,62722;2,54825;11,33624;55,89586;32,21629;2,1818;9,70605;-9716,047558;-5599,967615;-379,2494214;-1687,145406;;;;;-100;-100;-100;-100;-204;-204;-204;-204;-100;-100;-100;-100;;;;;;;;;;;;;;;;;;;;;;;;;;;;;;;;;;;;;;;;;;;;;;;;;;;;;;;;;;;;;;;;;;;;;;;;;;;;;;;;;;;;;-404;;;;;-1.906,24;-1.906,24;-1.906,24;-1.906,24;-3.608,44;-3.608,44;-3.608,44;-3.608,44;-1.906,24;-1.906,24;-1.906,24;-1.906,24;;;;;;;;;;;;;;;;;;;;;;;;;;;;;;;;;;;;;;;;;;;;;;;;;;;;;;;;;;;;;;;;;;;;;;;;;;;;;;;;;;;;;-29.683,68;0;0;;;;;0;0;0;0;0;0;0;0;0;0;0;0;;;;;;;;;;;;;;;;;;;;;;;;;;;;;;;;;;;;;;;;;;;;;;;;;;;;;;;;;;;;;;;;;;;;;;;;;;;;;;;;;;;;;0;0;;;;;0;0;0;0;0;0;0;0;0;0;0;0;;;;;;;;;;;;;;;;;;;;;;;;;;;;;;;;;;;;;;;;;;;;;;;;;;;;;;;;;;;;;;;;;;;;;;;;;;;;;;;;;;;;;0;;;;;468,99;659,79;812,28;689,06;1.489,65;1.561,16;1.680,43;2.363,13;734,42;578,6;598,28;665,5;;;;;;;;;;;;;;;;;;;;;;;;;;;;;;;;;;;;;;;;;;;;;;;;;;;;;;;;;;;;;;;;;;;;;;;;;;;;;;;;;;;;;12.301,27
17.09.2022;17.09.2022;00:00;01:00;RD-22-02624;Redispatch;20220917_RD-22-02624_13(1)MKW-019;Markt-KW 13(1);I;PRD2;50Hertz/Amprion/TenneT DE/TransnetBW;AMP-TTG / 380kV / Meppen - Y-Niederlangen / Emsland O-W;50Hertz;Lippendorf VE;11WD8LIPD1LD8--U;KW-Block;10YDE-VE-------2;E;E;E;E;;;;;;;;;;;;;;;;;;;;;;;;;;;;;;;;;;;;;;;;;;;;;;;;;;;;;;;;;;;;;;;;;;;;;;;;;;;;;;;;;;;;;;;;;;;;;;;;;E;Nein;Senke;0;0;-7480,61;55,11936;39,58636;1,57588;3,7184;55,11936;39,58636;1,57588;3,7184;-4123,264356;-2961,301205;-117,8854369;-278,1590022;-150;-150;-150;-150;;;;;;;;;;;;;;;;;;;;;;;;;;;;;;;;;;;;;;;;;;;;;;;;;;;;;;;;;;;;;;;;;;;;;;;;;;;;;;;;;;;;;;;;;;;;;;;;;-150;-2.722,85;-2.722,85;-2.722,85;-2.722,85;;;;;;;;;;;;;;;;;;;;;;;;;;;;;;;;;;;;;;;;;;;;;;;;;;;;;;;;;;;;;;;;;;;;;;;;;;;;;;;;;;;;;;;;;;;;;;;;;-10.891,40;0;0;0;0;0;0;;;;;;;;;;;;;;;;;;;;;;;;;;;;;;;;;;;;;;;;;;;;;;;;;;;;;;;;;;;;;;;;;;;;;;;;;;;;;;;;;;;;;;;;;;;;;;;;;0;0;0;0;0;0;;;;;;;;;;;;;;;;;;;;;;;;;;;;;;;;;;;;;;;;;;;;;;;;;;;;;;;;;;;;;;;;;;;;;;;;;;;;;;;;;;;;;;;;;;;;;;;;;0;697,86;759,24;978,01;975,68;;;;;;;;;;;;;;;;;;;;;;;;;;;;;;;;;;;;;;;;;;;;;;;;;;;;;;;;;;;;;;;;;;;;;;;;;;;;;;;;;;;;;;;;;;;;;;;;;3.410,79
17.09.2022;17.09.2022;00:00;01:00;RD-22-02627;Redispatch;20220917_RD-22-02627_13(1)MKW-006;Markt-KW 13(1);I;Amtshilfe f¸r;Swissgrid;SG Trilateral / Nichtvertraglich;50Hertz;J‰nschwalde (Standort);11WD8JAEN1L----Z;KW-Standort;10YDE-VE-------2;E;E;E;E;;;;;;;;;;;;;;;;;;;;;;;;;;;;;;;;;;;;;;;;;;;;;;;;;;;;;;;;;;;;;;;;;;;;;;;;;;;;;;;;;;;;;;;;;;;;;;;;;E;Nein;Senke;0;0;-2172,54;0;0;100;0;0;0;100;0;0;0;-2172,54;0;-40;-40;-40;-40;;;;;;;;;;;;;;;;;;;;;;;;;;;;;;;;;;;;;;;;;;;;;;;;;;;;;;;;;;;;;;;;;;;;;;;;;;;;;;;;;;;;;;;;;;;;;;;;;-40;-801,99;-801,99;-801,99;-801,99;;;;;;;;;;;;;;;;;;;;;;;;;;;;;;;;;;;;;;;;;;;;;;;;;;;;;;;;;;;;;;;;;;;;;;;;;;;;;;;;;;;;;;;;;;;;;;;;;-3.207,96;0;0;0;0;0;0;;;;;;;;;;;;;;;;;;;;;;;;;;;;;;;;;;;;;;;;;;;;;;;;;;;;;;;;;;;;;;;;;;;;;;;;;;;;;;;;;;;;;;;;;;;;;;;;;0;0;0;0;0;0;;;;;;;;;;;;;;;;;;;;;;;;;;;;;;;;;;;;;;;;;;;;;;;;;;;;;;;;;;;;;;;;;;;;;;;;;;;;;;;;;;;;;;;;;;;;;;;;;0;210,31;230,25;297,44;297,42;;;;;;;;;;;;;;;;;;;;;;;;;;;;;;;;;;;;;;;;;;;;;;;;;;;;;;;;;;;;;;;;;;;;;;;;;;;;;;;;;;;;;;;;;;;;;;;;;1.035,42
17.09.2022;17.09.2022;00:00;04:00;RD-22-02627;Redispatch;20220917_RD-22-02627_13(1)MKW-007;Markt-KW 13(1);I;Amtshilfe f¸r;Swissgrid;SG Trilateral / Nichtvertraglich;50Hertz;Schwarze Pumpe (Standort);11WD8SWPU1L----5;KW-Standort;10YDE-VE-------2;E;E;E;E;E;E;E;E;E;E;E;E;E;E;E;E;;;;;;;;;;;;;;;;;;;;;;;;;;;;;;;;;;;;;;;;;;;;;;;;;;;;;;;;;;;;;;;;;;;;;;;;;;;;;;;;;;;;;E;Nein;Senke;0;0;-32102,27;0;0;100;0;0;0;100;0;0;0;-32102,27;0;-300;-300;-300;-300;-150;-150;-150;-150;-120;-120;-120;-120;-150;-150;-150;-150;;;;;;;;;;;;;;;;;;;;;;;;;;;;;;;;;;;;;;;;;;;;;;;;;;;;;;;;;;;;;;;;;;;;;;;;;;;;;;;;;;;;;-720;-5.118,38;-5.118,38;-5.118,38;-5.118,38;-2.565,35;-2.565,35;-2.565,35;-2.565,35;-2.042,22;-2.042,22;-2.042,22;-2.042,22;-2.559,18;-2.559,18;-2.559,18;-2.559,18;;;;;;;;;;;;;;;;;;;;;;;;;;;;;;;;;;;;;;;;;;;;;;;;;;;;;;;;;;;;;;;;;;;;;;;;;;;;;;;;;;;;;-49.140,52;0;0;0;0;0;0;0;0;0;0;0;0;0;0;0;0;0;0;;;;;;;;;;;;;;;;;;;;;;;;;;;;;;;;;;;;;;;;;;;;;;;;;;;;;;;;;;;;;;;;;;;;;;;;;;;;;;;;;;;;;0;0;0;0;0;0;0;0;0;0;0;0;0;0;0;0;0;0;;;;;;;;;;;;;;;;;;;;;;;;;;;;;;;;;;;;;;;;;;;;;;;;;;;;;;;;;;;;;;;;;;;;;;;;;;;;;;;;;;;;;0;1.298,62;1.407,25;1.808,76;1.801,82;588,43;858,35;1.080,09;889,32;839,97;877,12;947,07;1.339,03;961,96;725,82;755,06;859,58;;;;;;;;;;;;;;;;;;;;;;;;;;;;;;;;;;;;;;;;;;;;;;;;;;;;;;;;;;;;;;;;;;;;;;;;;;;;;;;;;;;;;17.038,25
17.09.2022;17.09.2022;00:00;03:00;RD-22-02627;Redispatch;20220917_RD-22-02627_13(1)MKW-008;Markt-KW 13(1);I;Amtshilfe f¸r;Swissgrid;SG Trilateral / Nichtvertraglich;50Hertz;Boxberg (Standort);11WD8BOXB1L----J;KW-Standort;10YDE-VE-------2;E;E;E;E;E;E;E;E;E;E;E;E;;;;;;;;;;;;;;;;;;;;;;;;;;;;;;;;;;;;;;;;;;;;;;;;;;;;;;;;;;;;;;;;;;;;;;;;;;;;;;;;;;;;;;;;;E;Nein;Senke;0;0;-4320,2;0;0;100;0;0;0;100;0;0;0;-4320,2;0;-60;-60;-60;-60;0;0;0;0;-30;-30;-30;-30;;;;;;;;;;;;;;;;;;;;;;;;;;;;;;;;;;;;;;;;;;;;;;;;;;;;;;;;;;;;;;;;;;;;;;;;;;;;;;;;;;;;;;;;;-90;-1.192,72;-1.192,72;-1.192,72;-1.192,72;0;0;0;0;-533,57;-533,57;-533,57;-533,57;;;;;;;;;;;;;;;;;;;;;;;;;;;;;;;;;;;;;;;;;;;;;;;;;;;;;;;;;;;;;;;;;;;;;;;;;;;;;;;;;;;;;;;;;-6.905,16;0;0;0;0;0;0;0;0;0;0;0;0;0;0;;;;;;;;;;;;;;;;;;;;;;;;;;;;;;;;;;;;;;;;;;;;;;;;;;;;;;;;;;;;;;;;;;;;;;;;;;;;;;;;;;;;;;;;;0;0;0;0;0;0;0;0;0;0;0;0;0;0;;;;;;;;;;;;;;;;;;;;;;;;;;;;;;;;;;;;;;;;;;;;;;;;;;;;;;;;;;;;;;;;;;;;;;;;;;;;;;;;;;;;;;;;;0;312,06;341,47;441,02;440,89;0;0;0;0;220,4;231,09;248,64;349,39;;;;;;;;;;;;;;;;;;;;;;;;;;;;;;;;;;;;;;;;;;;;;;;;;;;;;;;;;;;;;;;;;;;;;;;;;;;;;;;;;;;;;;;;;2.584,96
18.09.2022;18.09.2022;10:00;14:30;RD-22-02637;Redispatch;20220918_RD-22-02637_Boerse-004;Bˆrse;I;interner RD;50Hertz;50H / 220kV / Bertikow - Pasewalk / 305;50Hertz;Bˆrse;50H_Frontoffice;Bˆrse;10YDE-VE-------2;;;;;;;;;;;;;;;;;;;;;;;;;;;;;;;;;;;;;;;;;E;E;E;E;E;E;E;E;E;E;E;E;E;E;E;E;E;E;;;;;;;;;;;;;;;;;;;;;;;;;;;;;;;;;;;;;;;;;;;E;Nein;Quelle;0;0;7821,05;0;0;0;100;0;0;0;100;0;0;0;7821,05;;;;;;;;;;;;;;;;;;;;;;;;;;;;;;;;;;;;;;;;;50;50;50;50;50;50;80;80;100;100;120;120;120;120;100;100;100;100;;;;;;;;;;;;;;;;;;;;;;;;;;;;;;;;;;;;;;;;;;;385;;;;;;;;;;;;;;;;;;;;;;;;;;;;;;;;;;;;;;;;;250;250;250;250;206,25;206,25;323,46;322,5;824,25;607,98;449,97;450;516,89;551,37;1550;745,25;5;61,88;;;;;;;;;;;;;;;;;;;;;;;;;;;;;;;;;;;;;;;;;;;7.821,05;0;0;;;;;;;;;;;;;;;;;;;;;;;;;;;;;;;;;;;;;;;;;0;0;0;0;0;0;0;0;0;0;0;0;0;0;0;0;0;0;;;;;;;;;;;;;;;;;;;;;;;;;;;;;;;;;;;;;;;;;;;0;0;;;;;;;;;;;;;;;;;;;;;;;;;;;;;;;;;;;;;;;;;0;0;0;0;0;0;0;0;0;0;0;0;0;0;0;0;0;0;;;;;;;;;;;;;;;;;;;;;;;;;;;;;;;;;;;;;;;;;;;0;;;;;;;;;;;;;;;;;;;;;;;;;;;;;;;;;;;;;;;;;0;0;0;0;0;0;0;0;0;0;0;0;0;0;0;0;0;0;;;;;;;;;;;;;;;;;;;;;;;;;;;;;;;;;;;;;;;;;;;0,00
19.09.2022;19.09.2022;21:00;00:00;RD-22-02643;Redispatch;20220919_RD-22-02643_13(1)MKW-020;Markt-KW 13(1);I;PRD2;50Hertz/Amprion/TenneT DE/TransnetBW;AMP-TTG / 380kV / Doerpen West - Y-Niederlangen / Emsland O-W;50Hertz;Lippendorf EnBW;11WD8LIPD1LD4--9;KW-Block;10YDE-VE-------2;;;;;;;;;;;;;;;;;;;;;;;;;;;;;;;;;;;;;;;;;;;;;;;;;;;;;;;;;;;;;;;;;;;;;;;;;;;;;;;;;;;;;E;E;E;E;E;E;E;E;E;E;E;E;;;;;E;Nein;Senke;0;0;-17109,6;55,11936;39,58636;1,57588;3,7184;55,11936;39,58636;1,57588;3,7184;-9430,702019;-6773,067851;-269,6267645;-636,2033664;;;;;;;;;;;;;;;;;;;;;;;;;;;;;;;;;;;;;;;;;;;;;;;;;;;;;;;;;;;;;;;;;;;;;;;;;;;;;;;;;;;;;-100;-100;-100;-100;-100;-100;-100;-100;-100;-100;-100;-100;;;;;-300;;;;;;;;;;;;;;;;;;;;;;;;;;;;;;;;;;;;;;;;;;;;;;;;;;;;;;;;;;;;;;;;;;;;;;;;;;;;;;;;;;;;;-1.585,00;-1.585,00;-1.585,00;-1.585,00;-1.585,00;-1.585,00;-1.585,00;-1.585,00;-1.585,00;-1.585,00;-1.585,00;-1.585,00;;;;;-19.020,00;0;0;;;;;;;;;;;;;;;;;;;;;;;;;;;;;;;;;;;;;;;;;;;;;;;;;;;;;;;;;;;;;;;;;;;;;;;;;;;;;;;;;;;;;0;0;0;0;0;0;0;0;0;0;0;0;;;;;0;0;;;;;;;;;;;;;;;;;;;;;;;;;;;;;;;;;;;;;;;;;;;;;;;;;;;;;;;;;;;;;;;;;;;;;;;;;;;;;;;;;;;;;159,2;159,2;159,2;159,2;159,2;159,2;159,2;159,2;159,2;159,2;159,2;159,2;;;;;1.910,40;;;;;;;;;;;;;;;;;;;;;;;;;;;;;;;;;;;;;;;;;;;;;;;;;;;;;;;;;;;;;;;;;;;;;;;;;;;;;;;;;;;;;0;0;0;0;0;0;0;0;0;0;0;0;;;;;0
19.09.2022;19.09.2022;22:00;00:00;RD-22-02643;Redispatch;20220919_RD-22-02643_13(1)MKW-021;Markt-KW 13(1);I;PRD2;50Hertz/Amprion/TenneT DE/TransnetBW;AMP-TTG / 380kV / Doerpen West - Y-Niederlangen / Emsland O-W;50Hertz;HAP Lippendorf VE;11WD8LIPD1LD8--U;KW-Block;10YDE-VE-------2;;;;;;;;;;;;;;;;;;;;;;;;;;;;;;;;;;;;;;;;;;;;;;;;;;;;;;;;;;;;;;;;;;;;;;;;;;;;;;;;;;;;;;;;;E;E;E;E;E;E;E;E;;;;;E;Nein;Senke;0;0;-14778,51;55,11936;39,58636;1,57588;3,7184;55,11936;39,58636;1,57588;3,7184;-8145,82013;-5850,274171;-232,8915834;-549,5241158;;;;;;;;;;;;;;;;;;;;;;;;;;;;;;;;;;;;;;;;;;;;;;;;;;;;;;;;;;;;;;;;;;;;;;;;;;;;;;;;;;;;;;;;;-100;-100;-100;-100;-100;-100;-100;-100;;;;;-200;;;;;;;;;;;;;;;;;;;;;;;;;;;;;;;;;;;;;;;;;;;;;;;;;;;;;;;;;;;;;;;;;;;;;;;;;;;;;;;;;;;;;;;;;-1.848,32;-1.848,32;-1.848,32;-1.848,32;-1.848,32;-1.848,32;-1.848,32;-1.848,32;;;;;-14.786,56;0;0;;;;;;;;;;;;;;;;;;;;;;;;;;;;;;;;;;;;;;;;;;;;;;;;;;;;;;;;;;;;;;;;;;;;;;;;;;;;;;;;;;;;;;;;;0;0;0;0;0;0;0;0;;;;;0;0;;;;;;;;;;;;;;;;;;;;;;;;;;;;;;;;;;;;;;;;;;;;;;;;;;;;;;;;;;;;;;;;;;;;;;;;;;;;;;;;;;;;;;;;;0;0;0;0;0;0;0;0;;;;;0;;;;;;;;;;;;;;;;;;;;;;;;;;;;;;;;;;;;;;;;;;;;;;;;;;;;;;;;;;;;;;;;;;;;;;;;;;;;;;;;;;;;;;;;;0;0,12;0,45;5,93;0,16;0;0,09;1,29;;;;;8,05
19.09.2022;19.09.2022;22:00;00:00;RD-22-02643;Redispatch;20220919_RD-22-02643_13(1)MKW-022;Markt-KW 13(1);I;PRD2;50Hertz/Amprion/TenneT DE/TransnetBW;AMP-TTG / 380kV / Doerpen West - Y-Niederlangen / Emsland O-W;50Hertz;HAP J‰nschwalde (Standort);11WD8JAEN1L----Z;KW-Standort;10YDE-VE-------2;;;;;;;;;;;;;;;;;;;;;;;;;;;;;;;;;;;;;;;;;;;;;;;;;;;;;;;;;;;;;;;;;;;;;;;;;;;;;;;;;;;;;;;;;E;E;E;E;E;E;E;E;;;;;E;Nein;Senke;0;0;-20778,11;55,11936;39,58636;1,57588;3,7184;55,11936;39,58636;1,57588;3,7184;-11452,76125;-8225,297426;-327,4380799;-772,6132422;;;;;;;;;;;;;;;;;;;;;;;;;;;;;;;;;;;;;;;;;;;;;;;;;;;;;;;;;;;;;;;;;;;;;;;;;;;;;;;;;;;;;;;;;-50;-50;-50;-50;-200;-200;-200;-200;;;;;-250;;;;;;;;;;;;;;;;;;;;;;;;;;;;;;;;;;;;;;;;;;;;;;;;;;;;;;;;;;;;;;;;;;;;;;;;;;;;;;;;;;;;;;;;;-1.047,07;-1.047,07;-1.047,07;-1.047,07;-4.149,83;-4.149,83;-4.149,83;-4.149,83;;;;;-20.787,60;0;0;;;;;;;;;;;;;;;;;;;;;;;;;;;;;;;;;;;;;;;;;;;;;;;;;;;;;;;;;;;;;;;;;;;;;;;;;;;;;;;;;;;;;;;;;0;0;0;0;0;0;0;0;;;;;0;0;;;;;;;;;;;;;;;;;;;;;;;;;;;;;;;;;;;;;;;;;;;;;;;;;;;;;;;;;;;;;;;;;;;;;;;;;;;;;;;;;;;;;;;;;0;0;0;0;0;0;0;0;;;;;0;;;;;;;;;;;;;;;;;;;;;;;;;;;;;;;;;;;;;;;;;;;;;;;;;;;;;;;;;;;;;;;;;;;;;;;;;;;;;;;;;;;;;;;;;0;0,1;0,35;4,09;0,51;0,01;0,32;4,11;;;;;9,49
19.09.2022;19.09.2022;22:00;00:00;RD-22-02643;Redispatch;20220919_RD-22-02643_13(1)MKW-023;Markt-KW 13(1);I;PRD3;50Hertz/Amprion/TenneT DE/TransnetBW;AMP-TTG / 380kV / Doerpen West - Y-Niederlangen / Emsland O-W;50Hertz;HAP Boxberg (Standort);11WD8BOXB1L----J;KW-Standort;10YDE-VE-------2;;;;;;;;;;;;;;;;;;;;;;;;;;;;;;;;;;;;;;;;;;;;;;;;;;;;;;;;;;;;;;;;;;;;;;;;;;;;;;;;;;;;;;;;;E;E;E;E;E;E;E;E;;;;;E;Nein;Senke;0;0;-20616,83;55,11936;39,58636;1,57588;3,7184;55,11936;39,58636;1,57588;3,7184;-11363,86475;-8161,452544;-324,8965006;-766,6162067;;;;;;;;;;;;;;;;;;;;;;;;;;;;;;;;;;;;;;;;;;;;;;;;;;;;;;;;;;;;;;;;;;;;;;;;;;;;;;;;;;;;;;;;;-65;-65;-65;-65;-200;-200;-200;-200;;;;;-265;;;;;;;;;;;;;;;;;;;;;;;;;;;;;;;;;;;;;;;;;;;;;;;;;;;;;;;;;;;;;;;;;;;;;;;;;;;;;;;;;;;;;;;;;-1.316,64;-1.316,64;-1.316,64;-1.316,64;-3.839,83;-3.839,83;-3.839,83;-3.839,83;;;;;-20.625,88;0;0;;;;;;;;;;;;;;;;;;;;;;;;;;;;;;;;;;;;;;;;;;;;;;;;;;;;;;;;;;;;;;;;;;;;;;;;;;;;;;;;;;;;;;;;;0;0;0;0;0;0;0;0;;;;;0;0;;;;;;;;;;;;;;;;;;;;;;;;;;;;;;;;;;;;;;;;;;;;;;;;;;;;;;;;;;;;;;;;;;;;;;;;;;;;;;;;;;;;;;;;;0;0;0;0;0;0;0;0;;;;;0;;;;;;;;;;;;;;;;;;;;;;;;;;;;;;;;;;;;;;;;;;;;;;;;;;;;;;;;;;;;;;;;;;;;;;;;;;;;;;;;;;;;;;;;;0;0,12;0,4;4,86;0,38;0,01;0,22;3,06;;;;;9,05
29.09.2022;29.09.2022;13:00;15:30;RD-22-02708;Redispatch;20220929_RD-22-02708_13(1)MKW-009;Markt-KW 13(1);I;Amtshilfe f¸r;TenneT DE;TTG / 220kV / Lehrte - Godenau / 1;50Hertz;J‰nschwalde (Standort);11WD8JAEN1L----Z;KW-Standort;10YDE-VE-------2;;;;;;;;;;;;;;;;;;;;;;;;;;;;;;;;;;;;;;;;;;;;;;;;;;;;;E;E;E;E;E;E;E;E;E;E;;;;;;;;;;;;;;;;;;;;;;;;;;;;;;;;;;;;;;;E;Nein;Senke;0;0;-19106,26;0;100;0;0;0;100;0;0;0;-19106,26;0;0;;;;;;;;;;;;;;;;;;;;;;;;;;;;;;;;;;;;;;;;;;;;;;;;;;;;;-97;-97;-97;-97;-97;-97;-97;-97;-121;-121;;;;;;;;;;;;;;;;;;;;;;;;;;;;;;;;;;;;;;;-254,5;;;;;;;;;;;;;;;;;;;;;;;;;;;;;;;;;;;;;;;;;;;;;;;;;;;;;-1.830,92;-1.830,92;-1.830,92;-1.830,92;-1.830,92;-1.830,92;-1.830,92;-1.830,92;-2.264,48;-2.264,48;;;;;;;;;;;;;;;;;;;;;;;;;;;;;;;;;;;;;;;-19.176,32;0;0;;;;;;;;;;;;;;;;;;;;;;;;;;;;;;;;;;;;;;;;;;;;;;;;;;;;;0;0;0;0;0;0;0;0;0;0;;;;;;;;;;;;;;;;;;;;;;;;;;;;;;;;;;;;;;;0;0;;;;;;;;;;;;;;;;;;;;;;;;;;;;;;;;;;;;;;;;;;;;;;;;;;;;;0;0;0;0;0;0;0;0;0;0;;;;;;;;;;;;;;;;;;;;;;;;;;;;;;;;;;;;;;;0;;;;;;;;;;;;;;;;;;;;;;;;;;;;;;;;;;;;;;;;;;;;;;;;;;;;;0,2;0,4;0,89;24,43;20,6;9,76;3,09;0,82;8,45;1,42;;;;;;;;;;;;;;;;;;;;;;;;;;;;;;;;;;;;;;;70,06
29.09.2022;29.09.2022;13:15;15:00;RD-22-02708;Redispatch;20220929_RD-22-02708_13(1)MKW-011;Markt-KW 13(1);I;Amtshilfe f¸r;TenneT DE;TTG / 220kV / Lehrte - Godenau / 1;50Hertz;Lippendorf VE;11WD8LIPD1LD8--U;KW-Block;10YDE-VE-------2;;;;;;;;;;;;;;;;;;;;;;;;;;;;;;;;;;;;;;;;;;;;;;;;;;;;;;E;E;E;E;E;E;E;;;;;;;;;;;;;;;;;;;;;;;;;;;;;;;;;;;;;;;;;E;Nein;Senke;0;0;-13701,82;0;100;0;0;0;100;0;0;0;-13701,82;0;0;;;;;;;;;;;;;;;;;;;;;;;;;;;;;;;;;;;;;;;;;;;;;;;;;;;;;;-114;-114;-114;-114;-114;-114;-114;;;;;;;;;;;;;;;;;;;;;;;;;;;;;;;;;;;;;;;;;-199,5;;;;;;;;;;;;;;;;;;;;;;;;;;;;;;;;;;;;;;;;;;;;;;;;;;;;;;-1.966,03;-1.966,03;-1.966,03;-1.966,03;-1.966,03;-1.966,03;-1.966,03;;;;;;;;;;;;;;;;;;;;;;;;;;;;;;;;;;;;;;;;;-13.762,21;0;0;;;;;;;;;;;;;;;;;;;;;;;;;;;;;;;;;;;;;;;;;;;;;;;;;;;;;;0;0;0;0;0;0;0;;;;;;;;;;;;;;;;;;;;;;;;;;;;;;;;;;;;;;;;;0;0;;;;;;;;;;;;;;;;;;;;;;;;;;;;;;;;;;;;;;;;;;;;;;;;;;;;;;0;0;0;0;0;0;0;;;;;;;;;;;;;;;;;;;;;;;;;;;;;;;;;;;;;;;;;0;;;;;;;;;;;;;;;;;;;;;;;;;;;;;;;;;;;;;;;;;;;;;;;;;;;;;;0,36;0,82;25,07;20,7;9,69;2,98;0,76;;;;;;;;;;;;;;;;;;;;;;;;;;;;;;;;;;;;;;;;;60,39
30.09.2022;30.09.2022;20:00;00:00;RD-22-02728;Redispatch;20220930_RD-22-02728_13(1)MKW-023;Markt-KW 13(1);I;Amtshilfe f¸r;TenneT DE;TTG / 380kV / Borken - Waldeck - Twistetal / 3;50Hertz;Schkopau;11WD8SCHK1LS---R;KW-Standort;10YDE-VE-------2;;;;;;;;;;;;;;;;;;;;;;;;;;;;;;;;;;;;;;;;;;;;;;;;;;;;;;;;;;;;;;;;;;;;;;;;;;;;;;;;;E;E;E;E;E;E;E;E;E;E;E;E;E;E;E;E;;;;;E;Nein;Quelle;0;0;255897,25;0;100;0;0;0;100;0;0;0;255897,25;0;0;;;;;;;;;;;;;;;;;;;;;;;;;;;;;;;;;;;;;;;;;;;;;;;;;;;;;;;;;;;;;;;;;;;;;;;;;;;;;;;;;75;150;181;181;181;181;181;181;181;181;181;181;181;181;181;181;;;;;689,75;;;;;;;;;;;;;;;;;;;;;;;;;;;;;;;;;;;;;;;;;;;;;;;;;;;;;;;;;;;;;;;;;;;;;;;;;;;;;;;;;6956,25;13912,5;16787,75;16787,75;16787,75;16787,75;16787,75;16787,75;16787,75;16787,75;16787,75;16787,75;16787,75;16787,75;16787,75;16787,75;;;;;255897,25;0;0;;;;;;;;;;;;;;;;;;;;;;;;;;;;;;;;;;;;;;;;;;;;;;;;;;;;;;;;;;;;;;;;;;;;;;;;;;;;;;;;;0;0;0;0;0;0;0;0;0;0;0;0;0;0;0;0;;;;;0;0;;;;;;;;;;;;;;;;;;;;;;;;;;;;;;;;;;;;;;;;;;;;;;;;;;;;;;;;;;;;;;;;;;;;;;;;;;;;;;;;;0;0;0;0;0;0;0;0;0;0;0;0;0;0;0;0;;;;;0;;;;;;;;;;;;;;;;;;;;;;;;;;;;;;;;;;;;;;;;;;;;;;;;;;;;;;;;;;;;;;;;;;;;;;;;;;;;;;;;;0;0;0;0;0;0;0;0;0;0;0;0;0;0;0;0;;;;;0
07.09.2022;07.09.2022;00:00;08:00;RD-22-02531;Redispatch;20220907_RD-22-02531_13(1)MKW-007;Markt-KW 13(1);I;WAPP;TenneT DE/TransnetBW/50Hertz/Amprion;AMP / 380kV / B¸rstadt - Lambsheim / B¸rstadt West;50Hertz;J‰nschwalde (Standort);11WD8JAEN1L----Z;KW-Standort;10YDE-VE-------2;E;E;E;E;E;E;E;E;E;E;E;E;E;E;E;E;E;E;E;E;E;E;E;E;E;E;E;E;E;E;E;E;;;;;;;;;;;;;;;;;;;;;;;;;;;;;;;;;;;;;;;;;;;;;;;;;;;;;;;;;;;;;;;;;;;;;E;Nein;Senke;;0;0;50,34348;43,14703;0,4379;6,07159;50,34348;43,14703;0,4379;6,07159;0;0;0;0;0;0;0;0;0;0;0;0;0;0;0;0;0;0;0;0;0;0;0;0;0;0;0;0;0;0;0;0;0;0;0;0;;;;;;;;;;;;;;;;;;;;;;;;;;;;;;;;;;;;;;;;;;;;;;;;;;;;;;;;;;;;;;;;;;;;;0;;;;;;;;;;;;;;;;;;;;;;;;;;;;;;;;;;;;;;;;;;;;;;;;;;;;;;;;;;;;;;;;;;;;;;;;;;;;;;;;;;;;;;;;;;;;;;;;;;;;;0;0;0;;;;;;;;;;;;;;;;;;;;;;;;;;;;;;;;;;;;;;;;;;;;;;;;;;;;;;;;;;;;;;;;;;;;;;;;;;;;;;;;;;;;;;;;;;;;;;;;;;;;;0;0;;;;;;;;;;;;;;;;;;;;;;;;;;;;;;;;;;;;;;;;;;;;;;;;;;;;;;;;;;;;;;;;;;;;;;;;;;;;;;;;;;;;;;;;;;;;;;;;;;;;;0;;;;;;;;;;;;;;;;;;;;;;;;;;;;;;;;;;;;;;;;;;;;;;;;;;;;;;;;;;;;;;;;;;;;;;;;;;;;;;;;;;;;;;;;;;;;;;;;;;;;;0
