;;;;;;;;;;;;;;;;;Art der Anweisung;;;;;;;;;;;;;;;;;;;;;;;;;;;;;;;;;;;;;;;;;;;;;;;;;;;;;;;;;;;;;;;;;;;;;;;;;;;;;;;;;;;;;;;;;;;;;;;;;;;;;;;;;;Kostenteilungsschlüssel (ohne GP Netzreseve);;;;Weiterverrechnungsschlüssel (mit GP Netzreseve);;;;;;;;Leistung (MW);;;;;;;;;;;;;;;;;;;;;;;;;;;;;;;;;;;;;;;;;;;;;;;;;;;;;;;;;;;;;;;;;;;;;;;;;;;;;;;;;;;;;;;;;;;;;;;;;;;;;variable Erzeugungsauslagen [€/Viertelstunde];;;;;;;;;;;;;;;;;;;;;;;;;;;;;;;;;;;;;;;;;;;;;;;;;;;;;;;;;;;;;;;;;;;;;;;;;;;;;;;;;;;;;;;;;;;;;;;;;;;;;;;Arbeitsabhängige Sonstige Kosten [€/Viertelstunden];;;;;;;;;;;;;;;;;;;;;;;;;;;;;;;;;;;;;;;;;;;;;;;;;;;;;;;;;;;;;;;;;;;;;;;;;;;;;;;;;;;;;;;;;;;;;;;;;;;;;;Anteiliger Werteverbrauch [€/Viertelstunde];;;;;;;;;;;;;;;;;;;;;;;;;;;;;;;;;;;;;;;;;;;;;;;;;;;;;;;;;;;;;;;;;;;;;;;;;;;;;;;;;;;;;;;;;;;;;;;;;;;;;Entgangene Erlöse Intraday [€/Viertelstunde];;;;;;;;;;;;;;;;;;;;;;;;;;;;;;;;;;;;;;;;;;;;;;;;;;;;;;;;;;;;;;;;;;;;;;;;;;;;;;;;;;;;;;;;;;;;;;;;;;;;;
TM von;TM bis;Zeit von;Zeit bis;GM-Ident;GM-Art;Tages-TM-Ident;TM-Art;Ursache;Auslösender Prozess;Anforderer;überlastetes Netzelement;Zuständiger RAS-ÜNB;Aktivierungsobjekt;AO-Code;AO-Art;Anschlussregelzone des AO;1;2;3;4;5;6;7;8;9;10;11;12;13;14;15;16;17;18;19;20;21;22;23;24;25;26;27;28;29;30;31;32;33;34;35;36;37;38;39;40;41;42;43;44;45;46;47;48;49;50;51;52;53;54;55;56;57;58;59;60;61;62;63;64;65;66;67;68;69;70;71;72;73;74;75;76;77;78;79;80;81;82;83;84;85;86;87;88;89;90;91;92;93;94;95;96;97;98;99;100;Art der Anweisung;Gegenläufigkeit;TM-Richtung;Kostenteilungsmechanismus;Kostenstand;Gesamtkosten [€];Anteil WV Amprion;Anteil WV TenneT;Anteil WV TransnetBW;Anteil WV 50Hertz;Anteil WV Amprion;Anteil WV TenneT;Anteil WV TransnetBW;Anteil WV 50Hertz;WV Amprion;WV TenneT;WV TransnetBW;WV 50Hertz;1;2;3;4;5;6;7;8;9;10;11;12;13;14;15;16;17;18;19;20;21;22;23;24;25;26;27;28;29;30;31;32;33;34;35;36;37;38;39;40;41;42;43;44;45;46;47;48;49;50;51;52;53;54;55;56;57;58;59;60;61;62;63;64;65;66;67;68;69;70;71;72;73;74;75;76;77;78;79;80;81;82;83;84;85;86;87;88;89;90;91;92;93;94;95;96;97;98;99;100;Menge [MWh];1;2;3;4;5;6;7;8;9;10;11;12;13;14;15;16;17;18;19;20;21;22;23;24;25;26;27;28;29;30;31;32;33;34;35;36;37;38;39;40;41;42;43;44;45;46;47;48;49;50;51;52;53;54;55;56;57;58;59;60;61;62;63;64;65;66;67;68;69;70;71;72;73;74;75;76;77;78;79;80;81;82;83;84;85;86;87;88;89;90;91;92;93;94;95;96;97;98;99;100;Summe variable Erzeugungsauslagen [€];Kosten für An- und Abfahrt [€];Auslagen für die Herstellung der Betriebsbereitschaft oder die Verschiebung einer geplanten Revision;1;2;3;4;5;6;7;8;9;10;11;12;13;14;15;16;17;18;19;20;21;22;23;24;25;26;27;28;29;30;31;32;33;34;35;36;37;38;39;40;41;42;43;44;45;46;47;48;49;50;51;52;53;54;55;56;57;58;59;60;61;62;63;64;65;66;67;68;69;70;71;72;73;74;75;76;77;78;79;80;81;82;83;84;85;86;87;88;89;90;91;92;93;94;95;96;97;98;99;100;Arbeitsabhängige Sonstige Kosten [€];Arbeitsunabhängige Sonstige Kosten [€];1;2;3;4;5;6;7;8;9;10;11;12;13;14;15;16;17;18;19;20;21;22;23;24;25;26;27;28;29;30;31;32;33;34;35;36;37;38;39;40;41;42;43;44;45;46;47;48;49;50;51;52;53;54;55;56;57;58;59;60;61;62;63;64;65;66;67;68;69;70;71;72;73;74;75;76;77;78;79;80;81;82;83;84;85;86;87;88;89;90;91;92;93;94;95;96;97;98;99;100;Anteiliger Werteverbrauch [€];1;2;3;4;5;6;7;8;9;10;11;12;13;14;15;16;17;18;19;20;21;22;23;24;25;26;27;28;29;30;31;32;33;34;35;36;37;38;39;40;41;42;43;44;45;46;47;48;49;50;51;52;53;54;55;56;57;58;59;60;61;62;63;64;65;66;67;68;69;70;71;72;73;74;75;76;77;78;79;80;81;82;83;84;85;86;87;88;89;90;91;92;93;94;95;96;97;98;99;100;Entgangene Erlöse Intraday [€];Andere Kosten [€]
19.12.2022;19.12.2022;07:00;11:00;RD-22-03028;Redispatch;20221219_RD-01-00101_01(1)MKW-001;Markt-KW 13(1);I;PRD2 (DACF);50Hertz/Amprion/TenneT DE/TransnetBW;AMP-TTG / 380kV / Doerpen West - Hanekenfaehr / Emsland West-Blau;APG;Timelkam GuD;556ea7da-6930-43f4-ad18-b06a6cb0d259;KW-Block;10YDE-RWENET---I;;;;;;;;;;;;;;;;;;;;;;;;;;;;;E;E;E;E;E;E;E;E;E;E;E;E;E;E;E;E;E;E;E;E;E;E;E;E;E;E;E;E;E;E;E;E;E;;;;;;;;;;;;;;;;;;;;;;;;;;;;;;;;;;;;;;;;E;nein;Quelle;;Final;122;;;;;;;;;;;;;0;0;0;0;0;0;0;0;0;0;0;0;0;0;0;0;0;0;0;0;0;0;0;0;0;0;0;0;105;105;105;105;400;400;400;400;330;330;330;330;220;220;220;220;0;0;0;0;0;0;0;0;0;0;0;0;0;0;0;0;0;0;0;0;0;0;0;0;0;0;0;0;0;0;0;0;0;0;0;0;0;0;0;0;0;0;0;0;0;0;0;0;0;0;0;0;;;;;1055;;;;;;;;;;;;;;;;;;;;;;;;;0;0;0;0;82,75;82,75;82,75;82,75;82,75;82,75;82,75;82,75;82,75;82,75;82,75;82,75;82,75;82,75;82,75;82,75;0;0;0;0;0;0;0;0;0;0;0;0;0;0;0;0;0;0;0;0;0;0;0;0;0;0;0;0;0;0;0;0;0;0;0;0;0;0;0;0;0;0;0;0;0;0;0;;;;;;;;;;1324;0;0;;;;;;;;;;;;;;;;;;;;;;;;;;;;;;;;;;;;;;;;;;;;;;;;;;;;;;;;;;;;;;;;;;;;;;;;;;;;;;;;;;;;;;;;;;;;;;;;;;;;;0;0;;;;;;;;;;;;;;;;;;;;;;;;;;;;;;;;;;;;;;;;;;;;;;;;;;;;;;;;;;;;;;;;;;;;;;;;;;;;;;;;;;;;;;;;;;;;;;;;;;;;;0;;;;;;;;;;;;;;;;;;;;;;;;;;;;;;;;;;;;;;;;;;;;;;;;;;;;;;;;;;;;;;;;;;;;;;;;;;;;;;;;;;;;;;;;;;;;;;;;;;;;;;0
19.12.2022;19.12.2022;11:00;14:00;RD-22-03028;Redispatch;20221219_RD-01-00102_01(1)MKW-001;Markt-KW 13(1);I;PRD2 (DACF);50Hertz/Amprion/TenneT DE/TransnetBW;AMP-TTG / 380kV / Doerpen West - Hanekenfaehr / Emsland West-Blau;APG;Timelkam_GEN_GUD;556ea7da-6930-43f4-ad18-b06a6cb0d259;KW-Block;10YDE-RWENET---I;;;;;;;;;;;;;;;;;;;;;;;;;E;E;E;E;E;E;E;E;E;E;E;E;E;E;E;E;E;E;E;E;E;E;E;E;E;E;E;E;E;E;E;E;E;E;E;E;E;;;;;;;;;;;;;;;;;;;;;;;;;;;;;;;;;;;;;;;;E;nein;Quelle;;Final;96;;;;;;;;;;;;;0;0;0;0;0;0;0;0;0;0;0;0;0;0;0;0;0;0;0;0;0;0;0;0;0;0;0;0;0;0;0;0;0;0;0;0;0;0;0;0;0;0;0;0;400;400;400;400;400;400;400;400;0;0;0;0;0;0;0;0;0;0;0;0;0;0;0;0;0;0;0;0;0;0;0;0;0;0;0;0;0;0;0;0;0;0;0;0;0;0;0;0;0;0;0;0;;;;;800;;;;;;;;;;;;;;;;;;;;;0;0;0;0;0;0;0;0;0;0;0;0;0;0;0;0;0;0;0;0;0;0;0;0;82,75;82,75;82,75;82,75;82,75;82,75;82,75;82,75;0;0;0;0;0;0;0;0;0;0;0;0;0;0;0;0;0;0;0;0;0;0;0;0;0;0;0;0;0;0;0;0;0;0;0;;;;;;;;;;;;;;662;20000;0;;;;;;;;;;;;;;;;;;;;;;;;;;;;;;;;;;;;;;;;;;;;;;;;;;;;;;;;;;;;;;;;;;;;;;;;;;;;;;;;;;;;;;;;;;;;;;;;;;;;;0;0;;;;;;;;;;;;;;;;;;;;;;;;;;;;;;;;;;;;;;;;;;;;;;;;;;;;;;;;;;;;;;;;;;;;;;;;;;;;;;;;;;;;;;;;;;;;;;;;;;;;;0;;;;;;;;;;;;;;;;;;;;;;;;;;;;;;;;;;;;;;;;;;;;;;;;;;;;;;;;;;;;;;;;;;;;;;;;;;;;;;;;;;;;;;;;;;;;;;;;;;;;;;0
19.12.2022;19.12.2022;11:00;14:00;RD-22-03028;Redispatch;20221219_RD-01-00102_01(1)MKW-002;Markt-KW 13(1);I;PRD2 (DACF);50Hertz/Amprion/TenneT DE/TransnetBW;AMP-TTG / 380kV / Doerpen West - Hanekenfaehr / Emsland West-Blau;APG;Mellach_GEN_1;cdda5b53-85f3-47a5-94a3-e1b6af89b4ac;KW-Block;10YDE-RWENET---I;;;;;;;;;;;;;;;;;;;;;;;;;E;E;E;E;E;E;E;E;E;E;E;E;E;E;E;E;E;E;E;E;E;E;E;E;E;E;E;E;E;E;E;E;E;E;E;E;E;;;;;;;;;;;;;;;;;;;;;;;;;;;;;;;;;;;;;;;;E;nein;Quelle;;Final;168;;;;;;;;;;;;;0;0;0;0;0;0;0;0;0;0;0;0;0;0;0;0;0;0;0;0;0;0;0;0;0;0;0;0;0;0;0;0;0;0;0;0;0;0;0;0;0;0;0;0;400;400;400;400;400;400;400;400;0;0;0;0;0;0;0;0;0;0;0;0;0;0;0;0;0;0;0;0;0;0;0;0;0;0;0;0;0;0;0;0;0;0;0;0;0;0;0;0;0;0;0;0;;;;;800;;;;;;;;;;;;;;;;;;;;;;;;;;;;;;;;;;;;;;;;;;;;;94,5;94,5;94,5;94,5;94,5;94,5;94,5;94,5;;;;;;;;;;;;;;;;;;;;;;;;;;;;;;;;;;;;;;;;;;;;;;;;;756;15000;0;;;;;;;;;;;;;;;;;;;;;;;;;;;;;;;;;;;;;;;;;;;;;;;;;;;;;;;;;;;;;;;;;;;;;;;;;;;;;;;;;;;;;;;;;;;;;;;;;;;;;0;0;;;;;;;;;;;;;;;;;;;;;;;;;;;;;;;;;;;;;;;;;;;;;;;;;;;;;;;;;;;;;;;;;;;;;;;;;;;;;;;;;;;;;;;;;;;;;;;;;;;;;0;;;;;;;;;;;;;;;;;;;;;;;;;;;;;;;;;;;;;;;;;;;;;;;;;;;;;;;;;;;;;;;;;;;;;;;;;;;;;;;;;;;;;;;;;;;;;;;;;;;;;;0
19.12.2022;19.12.2022;11:00;14:00;RD-22-03028;Redispatch;20221219_RD-01-00102_01(1)MKW-003;Markt-KW 13(1);I;PRD2 (DACF);50Hertz/Amprion/TenneT DE/TransnetBW;AMP-TTG / 380kV / Doerpen West - Hanekenfaehr / Emsland West-Blau;APG;Malta_HS_GEN_1;996974e8-3af7-44f0-88c9-4391e5813d11;KW-Block;10YDE-RWENET---I;;;;;;;;;;;;;;;;;;;;;;;;;E;E;E;E;E;E;E;E;E;E;E;E;E;E;E;E;E;E;E;E;E;E;E;E;E;E;E;E;E;E;E;E;E;E;E;E;E;;;;;;;;;;;;;;;;;;;;;;;;;;;;;;;;;;;;;;;;E;nein;Quelle;;Final;168;;;;;;;;;;;;;0;0;0;0;0;0;0;0;0;0;0;0;0;0;0;0;0;0;0;0;0;0;0;0;0;0;0;0;0;0;0;0;0;0;0;0;0;0;0;0;0;0;0;0;180;180;180;180;180;180;180;180;0;0;0;0;0;0;0;0;0;0;0;0;0;0;0;0;0;0;0;0;0;0;0;0;0;0;0;0;0;0;0;0;0;0;0;0;0;0;0;0;0;0;0;0;;;;;360;;;;;;;;;;;;;;;;;;;;;;;;;;;;;;;;;;;;;;;;;;;;;169,75;169,75;169,75;169,75;169,75;169,75;169,75;169,75;;;;;;;;;;;;;;;;;;;;;;;;;;;;;;;;;;;;;;;;;;;;;;;;;1358;0;0;;;;;;;;;;;;;;;;;;;;;;;;;;;;;;;;;;;;;;;;;;;;;;;;;;;;;;;;;;;;;;;;;;;;;;;;;;;;;;;;;;;;;;;;;;;;;;;;;;;;;0;0;;;;;;;;;;;;;;;;;;;;;;;;;;;;;;;;;;;;;;;;;;;;;;;;;;;;;;;;;;;;;;;;;;;;;;;;;;;;;;;;;;;;;;;;;;;;;;;;;;;;;0;;;;;;;;;;;;;;;;;;;;;;;;;;;;;;;;;;;;;;;;;;;;;;;;;;;;;;;;;;;;;;;;;;;;;;;;;;;;;;;;;;;;;;;;;;;;;;;;;;;;;;0
19.12.2022;19.12.2022;11:00;14:00;RD-22-03028;Redispatch;20221219_RD-01-00102_01(1)MKW-004;Markt-KW 13(1);I;PRD2 (DACF);50Hertz/Amprion/TenneT DE/TransnetBW;AMP-TTG / 380kV / Doerpen West - Hanekenfaehr / Emsland West-Blau;APG;Malta_HS_GEN_2;12a66459-9231-4cb0-8596-39f27bbe89cb;KW-Block;10YDE-RWENET---I;;;;;;;;;;;;;;;;;;;;;;;;;E;E;E;E;E;E;E;E;E;E;E;E;E;E;E;E;E;E;E;E;E;E;E;E;E;E;E;E;E;E;E;E;E;E;E;E;E;;;;;;;;;;;;;;;;;;;;;;;;;;;;;;;;;;;;;;;;E;nein;Quelle;;Final;168;;;;;;;;;;;;;0;0;0;0;0;0;0;0;0;0;0;0;0;0;0;0;0;0;0;0;0;0;0;0;0;0;0;0;0;0;0;0;0;0;0;0;0;0;0;0;0;0;0;0;180;180;180;180;180;180;180;180;0;0;0;0;0;0;0;0;0;0;0;0;0;0;0;0;0;0;0;0;0;0;0;0;0;0;0;0;0;0;0;0;0;0;0;0;0;0;0;0;0;0;0;0;;;;;360;;;;;;;;;;;;;;;;;;;;;;;;;;;;;;;;;;;;;;;;;;;;;169,75;169,75;169,75;169,75;169,75;169,75;169,75;169,75;;;;;;;;;;;;;;;;;;;;;;;;;;;;;;;;;;;;;;;;;;;;;;;;;1358;0;0;;;;;;;;;;;;;;;;;;;;;;;;;;;;;;;;;;;;;;;;;;;;;;;;;;;;;;;;;;;;;;;;;;;;;;;;;;;;;;;;;;;;;;;;;;;;;;;;;;;;;0;0;;;;;;;;;;;;;;;;;;;;;;;;;;;;;;;;;;;;;;;;;;;;;;;;;;;;;;;;;;;;;;;;;;;;;;;;;;;;;;;;;;;;;;;;;;;;;;;;;;;;;0;;;;;;;;;;;;;;;;;;;;;;;;;;;;;;;;;;;;;;;;;;;;;;;;;;;;;;;;;;;;;;;;;;;;;;;;;;;;;;;;;;;;;;;;;;;;;;;;;;;;;;0
19.12.2022;19.12.2022;11:00;14:00;RD-22-03028;Redispatch;20221219_RD-01-00102_01(1)MKW-005;Markt-KW 13(1);I;PRD2 (DACF);50Hertz/Amprion/TenneT DE/TransnetBW;AMP-TTG / 380kV / Doerpen West - Hanekenfaehr / Emsland West-Blau;APG;Malta_HS_GEN_4;d3508dc7-8f01-44f3-b093-8af34702ca53;KW-Block;10YDE-RWENET---I;;;;;;;;;;;;;;;;;;;;;;;;;E;E;E;E;E;E;E;E;E;E;E;E;E;E;E;E;E;E;E;E;E;E;E;E;E;E;E;E;E;E;E;E;E;E;E;E;E;;;;;;;;;;;;;;;;;;;;;;;;;;;;;;;;;;;;;;;;E;nein;Quelle;;Final;168;;;;;;;;;;;;;0;0;0;0;0;0;0;0;0;0;0;0;0;0;0;0;0;0;0;0;0;0;0;0;0;0;0;0;0;0;0;0;0;0;0;0;0;0;0;0;0;0;0;0;120;120;120;120;120;120;120;120;0;0;0;0;0;0;0;0;0;0;0;0;0;0;0;0;0;0;0;0;0;0;0;0;0;0;0;0;0;0;0;0;0;0;0;0;0;0;0;0;0;0;0;0;;;;;240;;;;;;;;;;;;;;;;;;;;;;;;;;;;;;;;;;;;;;;;;;;;;169,75;169,75;169,75;169,75;169,75;169,75;169,75;169,75;;;;;;;;;;;;;;;;;;;;;;;;;;;;;;;;;;;;;;;;;;;;;;;;;1358;0;0;;;;;;;;;;;;;;;;;;;;;;;;;;;;;;;;;;;;;;;;;;;;;;;;;;;;;;;;;;;;;;;;;;;;;;;;;;;;;;;;;;;;;;;;;;;;;;;;;;;;;0;0;;;;;;;;;;;;;;;;;;;;;;;;;;;;;;;;;;;;;;;;;;;;;;;;;;;;;;;;;;;;;;;;;;;;;;;;;;;;;;;;;;;;;;;;;;;;;;;;;;;;;0;;;;;;;;;;;;;;;;;;;;;;;;;;;;;;;;;;;;;;;;;;;;;;;;;;;;;;;;;;;;;;;;;;;;;;;;;;;;;;;;;;;;;;;;;;;;;;;;;;;;;;0
19.12.2022;19.12.2022;13:00;14:00;RD-22-03028;Redispatch;20221219_RD-01-00103_01(1)MKW-001;Markt-KW 13(1);I;PRD2 (DACF);50Hertz/Amprion/TenneT DE/TransnetBW;AMP-TTG / 380kV / Doerpen West - Hanekenfaehr / Emsland West-Blau;APG;Timelkam GuD;556ea7da-6930-43f4-ad18-b06a6cb0d259;KW-Block;10YDE-RWENET---I;;;;;;;;;;;;;;;;;;;;;;;;;;;;;E;E;E;E;E;E;E;E;E;E;E;E;E;E;E;E;E;E;E;E;E;E;E;E;E;E;E;E;E;E;E;E;E;;;;;;;;;;;;;;;;;;;;;;;;;;;;;;;;;;;;;;;;E;nein;Quelle;;Final;122;;;;;;;;;;;;;0;0;0;0;0;0;0;0;0;0;0;0;0;0;0;0;0;0;0;0;0;0;0;0;0;0;0;0;0;0;0;0;0;0;0;0;0;0;0;0;0;0;0;0;0;0;0;0;0;0;0;0;206;206;206;206;0;0;0;0;0;0;0;0;0;0;0;0;0;0;0;0;0;0;0;0;0;0;0;0;0;0;0;0;0;0;0;0;0;0;0;0;0;0;0;0;;;;;206;;;;;;;;;;;;;;;;;;;;;;;;;0;0;0;0;0;0;0;0;0;0;0;0;0;0;0;0;0;0;0;0;0;0;0;0;0;0;0;0;82,75;82,75;82,75;82,75;0;0;0;0;0;0;0;0;0;0;0;0;0;0;0;0;0;0;0;0;0;0;0;0;0;0;0;0;0;0;0;0;0;0;0;;;;;;;;;;331;0;0;;;;;;;;;;;;;;;;;;;;;;;;;;;;;;;;;;;;;;;;;;;;;;;;;;;;;;;;;;;;;;;;;;;;;;;;;;;;;;;;;;;;;;;;;;;;;;;;;;;;;0;0;;;;;;;;;;;;;;;;;;;;;;;;;;;;;;;;;;;;;;;;;;;;;;;;;;;;;;;;;;;;;;;;;;;;;;;;;;;;;;;;;;;;;;;;;;;;;;;;;;;;;0;;;;;;;;;;;;;;;;;;;;;;;;;;;;;;;;;;;;;;;;;;;;;;;;;;;;;;;;;;;;;;;;;;;;;;;;;;;;;;;;;;;;;;;;;;;;;;;;;;;;;;0
19.12.2022;19.12.2022;13:00;00:00;RD-22-03028;Redispatch;20221219_RD-01-00104_01(1)MKW-001;Markt-KW 13(1);I;PRD2 (DACF);50Hertz/Amprion/TenneT DE/TransnetBW;AMP-TTG / 380kV / Doerpen West - Hanekenfaehr / Emsland West-Blau;APG;Timelkam_GEN_GUD;556ea7da-6930-43f4-ad18-b06a6cb0d259;KW-Block;10YDE-RWENET---I;;;;;;;;;;;;;;;;;;;;;;;;;E;E;E;E;E;E;E;E;E;E;E;E;E;E;E;E;E;E;E;E;E;E;E;E;E;E;E;E;E;E;E;E;E;E;E;E;E;;;;;;;;;;;;;;;;;;;;;;;;;;;;;;;;;;;;;;;;E;nein;Quelle;;Final;96;;;;;;;;;;;;;0;0;0;0;0;0;0;0;0;0;0;0;0;0;0;0;0;0;0;0;0;0;0;0;0;0;0;0;0;0;0;0;0;0;0;0;0;0;0;0;0;0;0;0;0;0;0;0;0;0;0;0;0;0;0;0;160;160;160;160;120;120;120;120;105;105;105;105;400;400;400;400;400;400;400;400;400;400;400;400;400;400;400;400;300;300;300;300;105;105;105;105;200;200;200;200;;;;;2590;;;;;;;;;;;;;;;;;;;;;0;0;0;0;0;0;0;0;0;0;0;0;0;0;0;0;0;0;0;0;0;0;0;0;0;0;0;0;0;0;0;0;0;0;0;0;82,75;82,75;82,75;82,75;82,75;82,75;82,75;82,75;82,75;82,75;82,75;82,75;82,75;82,75;82,75;82,75;82,75;82,75;82,75;82,75;82,75;82,75;82,75;82,75;82,75;82,75;82,75;82,75;82,75;82,75;82,75;82,75;82,75;82,75;82,75;82,75;82,75;82,75;82,75;82,75;;;;;3310;0;0;;;;;;;;;;;;;;;;;;;;;;;;;;;;;;;;;;;;;;;;;;;;;;;;;;;;;;;;;;;;;;;;;;;;;;;;;;;;;;;;;;;;;;;;;;;;;;;;;;;;;0;0;;;;;;;;;;;;;;;;;;;;;;;;;;;;;;;;;;;;;;;;;;;;;;;;;;;;;;;;;;;;;;;;;;;;;;;;;;;;;;;;;;;;;;;;;;;;;;;;;;;;;0;;;;;;;;;;;;;;;;;;;;;;;;;;;;;;;;;;;;;;;;;;;;;;;;;;;;;;;;;;;;;;;;;;;;;;;;;;;;;;;;;;;;;;;;;;;;;;;;;;;;;;0
19.12.2022;19.12.2022;13:00;00:00;RD-22-03028;Redispatch;20221219_RD-01-00104_01(1)MKW-002;Markt-KW 13(1);I;PRD2 (DACF);50Hertz/Amprion/TenneT DE/TransnetBW;AMP-TTG / 380kV / Doerpen West - Hanekenfaehr / Emsland West-Blau;APG;Mellach_GEN_1;cdda5b53-85f3-47a5-94a3-e1b6af89b4ac;KW-Block;10YDE-RWENET---I;;;;;;;;;;;;;;;;;;;;;;;;;E;E;E;E;E;E;E;E;E;E;E;E;E;E;E;E;E;E;E;E;E;E;E;E;E;E;E;E;E;E;E;E;E;E;E;E;E;;;;;;;;;;;;;;;;;;;;;;;;;;;;;;;;;;;;;;;;E;nein;Quelle;;Final;168;;;;;;;;;;;;;0;0;0;0;0;0;0;0;0;0;0;0;0;0;0;0;0;0;0;0;0;0;0;0;0;0;0;0;0;0;0;0;0;0;0;0;0;0;0;0;0;0;0;0;0;0;0;0;0;0;0;0;200;200;200;200;200;200;200;200;200;200;200;200;200;200;200;200;200;200;200;200;200;200;200;200;200;200;200;200;0;0;0;0;0;0;0;0;0;0;0;0;0;0;0;0;;;;;1400;;;;;;;;;;;;;;;;;;;;;;;;;;;;;;;;;;;;;;;;;;;;;;;;;;;;;94,5;94,5;94,5;94,5;94,5;94,5;94,5;94,5;94,5;94,5;94,5;94,5;94,5;94,5;94,5;94,5;94,5;94,5;94,5;94,5;94,5;94,5;94,5;94,5;94,5;94,5;94,5;94,5;;;;;;;;;;;;;;;;;;;;;2646;0;0;;;;;;;;;;;;;;;;;;;;;;;;;;;;;;;;;;;;;;;;;;;;;;;;;;;;;;;;;;;;;;;;;;;;;;;;;;;;;;;;;;;;;;;;;;;;;;;;;;;;;0;0;;;;;;;;;;;;;;;;;;;;;;;;;;;;;;;;;;;;;;;;;;;;;;;;;;;;;;;;;;;;;;;;;;;;;;;;;;;;;;;;;;;;;;;;;;;;;;;;;;;;;0;;;;;;;;;;;;;;;;;;;;;;;;;;;;;;;;;;;;;;;;;;;;;;;;;;;;;;;;;;;;;;;;;;;;;;;;;;;;;;;;;;;;;;;;;;;;;;;;;;;;;;0
19.12.2022;19.12.2022;13:00;00:00;RD-22-03028;Redispatch;20221219_RD-01-00104_01(1)MKW-003;Markt-KW 13(1);I;PRD2 (DACF);50Hertz/Amprion/TenneT DE/TransnetBW;AMP-TTG / 380kV / Doerpen West - Hanekenfaehr / Emsland West-Blau;APG;Theiss_GEN_3;cd192416-748b-43ae-9c6e-ad7d12ade17d;KW-Block;10YDE-RWENET---I;;;;;;;;;;;;;;;;;;;;;;;;;E;E;E;E;E;E;E;E;E;E;E;E;E;E;E;E;E;E;E;E;E;E;E;E;E;E;E;E;E;E;E;E;E;E;E;E;E;;;;;;;;;;;;;;;;;;;;;;;;;;;;;;;;;;;;;;;;E;nein;Quelle;;Final;168;;;;;;;;;;;;;0;0;0;0;0;0;0;0;0;0;0;0;0;0;0;0;0;0;0;0;0;0;0;0;0;0;0;0;0;0;0;0;0;0;0;0;0;0;0;0;0;0;0;0;0;0;0;0;0;0;0;0;140;140;140;140;140;140;140;140;140;140;140;140;140;140;140;140;140;140;140;140;140;140;140;140;140;140;140;140;140;140;140;140;140;140;140;140;140;140;140;140;140;140;140;140;;;;;1540;;;;;;;;;;;;;;;;;;;;;;;;;;;;;;;;;;;;;;;;;;;;;;;;;;;;;144,25;144,25;144,25;144,25;144,25;144,25;144,25;144,25;144,25;144,25;144,25;144,25;144,25;144,25;144,25;144,25;144,25;144,25;144,25;144,25;144,25;144,25;144,25;144,25;144,25;144,25;144,25;144,25;144,25;144,25;144,25;144,25;118;118;118;118;118;118;118;118;118;118;118;118;;;;;6032;0;0;;;;;;;;;;;;;;;;;;;;;;;;;;;;;;;;;;;;;;;;;;;;;;;;;;;;;;;;;;;;;;;;;;;;;;;;;;;;;;;;;;;;;;;;;;;;;;;;;;;;;0;0;;;;;;;;;;;;;;;;;;;;;;;;;;;;;;;;;;;;;;;;;;;;;;;;;;;;;;;;;;;;;;;;;;;;;;;;;;;;;;;;;;;;;;;;;;;;;;;;;;;;;0;;;;;;;;;;;;;;;;;;;;;;;;;;;;;;;;;;;;;;;;;;;;;;;;;;;;;;;;;;;;;;;;;;;;;;;;;;;;;;;;;;;;;;;;;;;;;;;;;;;;;;0
19.12.2022;19.12.2022;13:00;00:00;RD-22-03028;Redispatch;20221219_RD-01-00104_01(1)MKW-004;Markt-KW 13(1);I;PRD2 (DACF);50Hertz/Amprion/TenneT DE/TransnetBW;AMP-TTG / 380kV / Doerpen West - Hanekenfaehr / Emsland West-Blau;APG;Theiss_GEN_5;c3baf761-4ddc-423f-ae25-c04a3978f886;KW-Block;10YDE-RWENET---I;;;;;;;;;;;;;;;;;;;;;;;;;E;E;E;E;E;E;E;E;E;E;E;E;E;E;E;E;E;E;E;E;E;E;E;E;E;E;E;E;E;E;E;E;E;E;E;E;E;;;;;;;;;;;;;;;;;;;;;;;;;;;;;;;;;;;;;;;;E;nein;Quelle;;Final;168;;;;;;;;;;;;;0;0;0;0;0;0;0;0;0;0;0;0;0;0;0;0;0;0;0;0;0;0;0;0;0;0;0;0;0;0;0;0;0;0;0;0;0;0;0;0;0;0;0;0;0;0;0;0;0;0;0;0;140;140;140;140;140;140;140;140;140;140;140;140;140;140;140;140;140;140;140;140;140;140;140;140;140;140;140;140;140;140;140;140;140;140;140;140;140;140;140;140;140;140;140;140;;;;;1540;;;;;;;;;;;;;;;;;;;;;;;;;;;;;;;;;;;;;;;;;;;;;;;;;;;;;144,25;144,25;144,25;144,25;144,25;144,25;144,25;144,25;144,25;144,25;144,25;144,25;144,25;144,25;144,25;144,25;144,25;144,25;144,25;144,25;144,25;144,25;144,25;144,25;144,25;144,25;144,25;144,25;144,25;144,25;144,25;144,25;118;118;118;118;118;118;118;118;118;118;118;118;;;;;6032;0;0;;;;;;;;;;;;;;;;;;;;;;;;;;;;;;;;;;;;;;;;;;;;;;;;;;;;;;;;;;;;;;;;;;;;;;;;;;;;;;;;;;;;;;;;;;;;;;;;;;;;;0;0;;;;;;;;;;;;;;;;;;;;;;;;;;;;;;;;;;;;;;;;;;;;;;;;;;;;;;;;;;;;;;;;;;;;;;;;;;;;;;;;;;;;;;;;;;;;;;;;;;;;;0;;;;;;;;;;;;;;;;;;;;;;;;;;;;;;;;;;;;;;;;;;;;;;;;;;;;;;;;;;;;;;;;;;;;;;;;;;;;;;;;;;;;;;;;;;;;;;;;;;;;;;0
19.12.2022;19.12.2022;00:00;18:00;RD-22-03028;Redispatch;20221220_RD-01-00104_01(1)MKW-001;Markt-KW 13(1);I;PRD2 (DACF);50Hertz/Amprion/TenneT DE/TransnetBW;AMP-TTG / 380kV / Doerpen West - Hanekenfaehr / Emsland West-Blau;APG;Timelkam_GEN_GUD;556ea7da-6930-43f4-ad18-b06a6cb0d259;KW-Block;10YDE-RWENET---I;;;;;;;;;;;;;;;;;;;;;;;;;E;E;E;E;E;E;E;E;E;E;E;E;E;E;E;E;E;E;E;E;E;E;E;E;E;E;E;E;E;E;E;E;E;E;E;E;E;;;;;;;;;;;;;;;;;;;;;;;;;;;;;;;;;;;;;;;;E;nein;Quelle;;Final;96;;;;;;;;;;;;;100;100;100;100;100;100;100;100;100;100;100;100;100;100;100;100;100;100;100;100;100;100;100;100;100;100;100;100;400;400;400;400;400;400;400;400;400;400;400;400;400;400;400;400;400;400;400;400;400;400;400;400;400;400;400;400;400;400;400;400;400;400;400;400;400;400;400;400;200;200;200;200;0;0;0;0;0;0;0;0;0;0;0;0;0;0;0;0;0;0;0;0;0;0;0;0;0;0;0;0;0;74;74;74;74;74;74;74;74;74;74;74;74;74;74;74;74;74;74;74;74;74;74;74;74;74;74;74;74;74;74;74;74;74;74;74;74;74;74;74;74;74;74;74;74;74;74;74;74;74;74;74;74;74;74;74;74;74;74;74;74;74;74;74;74;74;74;74;74;74;74;74;74;0;0;0;0;0;0;0;0;0;0;0;0;0;0;0;0;0;0;0;0;0;0;0;0;0;0;0;0;0;0;0;0;0;0;0;0;0;0;0;0;0;0;0;0;0;0;0;0;0;0;0;0;0;0;0;0;0;0;0;0;0;0;0;0;0;0;0;0;0;0;0;0;0;0;0;0;0;0;0;0;0;0;0;0;0;0;0;0;0;0;0;0;0;0;0;0;0;0;0;0;0;0;0;0;0;0;0;0;0;0;0;0;0;0;0;0;0;0;0;0;0;0;0;0;0;0;0;0;0;0;0;0;0;0;0;0;0;0;0;0;0;0;0;0;0;0;0;0;0;0;0;0;0;0;0;0;0;0;0;0;0;0;0;0;0;0;0;0;0;0;0;0;0;0;0;0;0;0;0;0;0;0;0;0;0;0;0;0;0;0;0;0;0;0;0;0;0;0;0;0;0;0;0;0;0;0;0;0;0;0;0;0;0;0;0;0;0;0;0;0;0;0;0;0;0;0;0;0;0;0;0;0;0;0;0;0;0;0;0;0;0;0;0;0;0;0;0;0;0;0;0;0;0;0;0;0;0;0;0;0;0;0;0;0;0;0;0;0;0;0;0;0;0;0;0;0;0;0;0;0;0;0;0;0;0;0;0;0;0;0;0;0;0;0;0;0;0;0;0;0;0;0;0;0;0;0;0;0;0;0;0;0;0;0;0;0;0;0;0;0;0;0;0;0;0;0;0;0;0;0;0;0;0;0;0;0
19.12.2022;19.12.2022;00:00;18:00;RD-22-03028;Redispatch;20221220_RD-01-00104_01(1)MKW-002;Markt-KW 13(1);I;PRD2 (DACF);50Hertz/Amprion/TenneT DE/TransnetBW;AMP-TTG / 380kV / Doerpen West - Hanekenfaehr / Emsland West-Blau;APG;Theiss_GEN_3;cd192416-748b-43ae-9c6e-ad7d12ade17d;KW-Block;10YDE-RWENET---I;;;;;;;;;;;;;;;;;;;;;;;;;E;E;E;E;E;E;E;E;E;E;E;E;E;E;E;E;E;E;E;E;E;E;E;E;E;E;E;E;E;E;E;E;E;E;E;E;E;;;;;;;;;;;;;;;;;;;;;;;;;;;;;;;;;;;;;;;;E;nein;Quelle;;Final;168;;;;;;;;;;;;;140;140;140;140;140;140;140;140;140;140;140;140;140;140;140;140;140;140;140;140;140;140;140;140;140;140;140;140;140;140;140;140;140;140;140;140;140;140;140;140;140;140;140;140;140;140;140;140;140;140;140;140;140;140;140;140;140;140;140;140;140;140;140;140;140;140;140;140;0;0;0;0;0;0;0;0;0;0;0;0;0;0;0;0;0;0;0;0;0;0;0;0;0;0;0;0;0;0;0;0;0;113;113;113;113;113;113;113;113;113;113;113;113;113;113;113;113;113;113;113;113;113;113;113;113;113;113;113;113;113;113;113;113;113;113;113;113;113;113;113;113;113;113;113;113;113;113;113;113;113;113;113;113;113;113;113;113;113;113;113;113;113;113;113;113;113;113;113;113;0;0;0;0;0;0;0;0;0;0;0;0;0;0;0;0;0;0;0;0;0;0;0;0;0;0;0;0;0;0;0;0;0;0;0;0;0;0;0;0;0;0;0;0;0;0;0;0;0;0;0;0;0;0;0;0;0;0;0;0;0;0;0;0;0;0;0;0;0;0;0;0;0;0;0;0;0;0;0;0;0;0;0;0;0;0;0;0;0;0;0;0;0;0;0;0;0;0;0;0;0;0;0;0;0;0;0;0;0;0;0;0;0;0;0;0;0;0;0;0;0;0;0;0;0;0;0;0;0;0;0;0;0;0;0;0;0;0;0;0;0;0;0;0;0;0;0;0;0;0;0;0;0;0;0;0;0;0;0;0;0;0;0;0;0;0;0;0;0;0;0;0;0;0;0;0;0;0;0;0;0;0;0;0;0;0;0;0;0;0;0;0;0;0;0;0;0;0;0;0;0;0;0;0;0;0;0;0;0;0;0;0;0;0;0;0;0;0;0;0;0;0;0;0;0;0;0;0;0;0;0;0;0;0;0;0;0;0;0;0;0;0;0;0;0;0;0;0;0;0;0;0;0;0;0;0;0;0;0;0;0;0;0;0;0;0;0;0;0;0;0;0;0;0;0;0;0;0;0;0;0;0;0;0;0;0;0;0;0;0;0;0;0;0;0;0;0;0;0;0;0;0;0;0;0;0;0;0;0;0;0;0;0;0;0;0;0;0;0;0;0;0;0;0;0;0;0;0;0;0;0;0;0;0;0;0;0;0;0;0
19.12.2022;19.12.2022;00:00;18:00;RD-22-03028;Redispatch;20221220_RD-01-00104_01(1)MKW-003;Markt-KW 13(1);I;PRD2 (DACF);50Hertz/Amprion/TenneT DE/TransnetBW;AMP-TTG / 380kV / Doerpen West - Hanekenfaehr / Emsland West-Blau;APG;Theiss_GEN_5;c3baf761-4ddc-423f-ae25-c04a3978f886;KW-Block;10YDE-RWENET---I;;;;;;;;;;;;;;;;;;;;;;;;;E;E;E;E;E;E;E;E;E;E;E;E;E;E;E;E;E;E;E;E;E;E;E;E;E;E;E;E;E;E;E;E;E;E;E;E;E;;;;;;;;;;;;;;;;;;;;;;;;;;;;;;;;;;;;;;;;E;nein;Quelle;;Final;168;;;;;;;;;;;;;140;140;140;140;140;140;140;140;140;140;140;140;140;140;140;140;140;140;140;140;140;140;140;140;210;210;210;210;330;330;330;330;330;330;330;330;330;330;330;330;330;330;330;330;330;330;330;330;330;330;330;330;330;330;330;330;330;330;330;330;290;290;290;290;290;290;290;290;0;0;0;0;0;0;0;0;0;0;0;0;0;0;0;0;0;0;0;0;0;0;0;0;0;0;0;0;0;0;0;0;0;113;113;113;113;113;113;113;113;113;113;113;113;113;113;113;113;113;113;113;113;113;113;113;113;113;113;113;113;113;113;113;113;113;113;113;113;113;113;113;113;113;113;113;113;113;113;113;113;113;113;113;113;113;113;113;113;113;113;113;113;113;113;113;113;113;113;113;113;0;0;0;0;0;0;0;0;0;0;0;0;0;0;0;0;0;0;0;0;0;0;0;0;0;0;0;0;0;0;0;0;0;0;0;0;0;0;0;0;0;0;0;0;0;0;0;0;0;0;0;0;0;0;0;0;0;0;0;0;0;0;0;0;0;0;0;0;0;0;0;0;0;0;0;0;0;0;0;0;0;0;0;0;0;0;0;0;0;0;0;0;0;0;0;0;0;0;0;0;0;0;0;0;0;0;0;0;0;0;0;0;0;0;0;0;0;0;0;0;0;0;0;0;0;0;0;0;0;0;0;0;0;0;0;0;0;0;0;0;0;0;0;0;0;0;0;0;0;0;0;0;0;0;0;0;0;0;0;0;0;0;0;0;0;0;0;0;0;0;0;0;0;0;0;0;0;0;0;0;0;0;0;0;0;0;0;0;0;0;0;0;0;0;0;0;0;0;0;0;0;0;0;0;0;0;0;0;0;0;0;0;0;0;0;0;0;0;0;0;0;0;0;0;0;0;0;0;0;0;0;0;0;0;0;0;0;0;0;0;0;0;0;0;0;0;0;0;0;0;0;0;0;0;0;0;0;0;0;0;0;0;0;0;0;0;0;0;0;0;0;0;0;0;0;0;0;0;0;0;0;0;0;0;0;0;0;0;0;0;0;0;0;0;0;0;0;0;0;0;0;0;0;0;0;0;0;0;0;0;0;0;0;0;0;0;0;0;0;0;0;0;0;0;0;0;0;0;0;0;0;0;0;0;0;0;0;0;0;0
20.12.2022;20.12.2022;06:00;19:00;RD-22-03028;Redispatch;20221220_RD-01-00102_01(1)MKW-001;Markt-KW 13(1);I;PRD2 (DACF);50Hertz/Amprion/TenneT DE/TransnetBW;AMP-TTG / 380kV / Doerpen West - Hanekenfaehr / Emsland West-Blau;APG;Mellach_GEN_1;cdda5b53-85f3-47a5-94a3-e1b6af89b4ac;KW-Block;10YDE-RWENET---I;;;;;;;;;;;;;;;;;;;;;;;;;E;E;E;E;E;E;E;E;E;E;E;E;E;E;E;E;E;E;E;E;E;E;E;E;E;E;E;E;E;E;E;E;E;E;E;E;E;;;;;;;;;;;;;;;;;;;;;;;;;;;;;;;;;;;;;;;;E;nein;Quelle;;Final;168;;;;;;;;;;;;;0;0;0;0;0;0;0;0;0;0;0;0;0;0;0;0;0;0;0;0;0;0;0;0;200;200;200;200;400;400;400;400;400;400;400;400;400;400;400;400;400;400;400;400;400;400;400;400;400;400;400;400;400;400;400;400;400;400;400;400;300;300;300;300;300;300;300;300;200;200;200;200;200;200;200;200;0;0;0;0;0;0;0;0;0;0;0;0;0;0;0;0;0;0;0;0;0;0;0;0;0;0;0;0;0;0;0;0;0;0;0;0;0;0;0;0;0;0;0;0;0;0;0;0;0;89,25;89,25;89,25;89,25;89,25;89,25;89,25;89,25;89,25;89,25;89,25;89,25;89,25;89,25;89,25;89,25;89,25;89,25;89,25;89,25;89,25;89,25;89,25;89,25;89,25;89,25;89,25;89,25;89,25;89,25;89,25;89,25;89,25;89,25;89,25;89,25;89,25;89,25;89,25;89,25;89,25;89,25;89,25;89,25;89,25;89,25;89,25;89,25;89,25;89,25;89,25;89,25;0;0;0;0;0;0;0;0;0;0;0;0;0;0;0;0;0;0;0;0;0;0;0;0;0;0;0;0;0;0;0;0;0;0;0;0;0;0;0;0;0;0;0;0;0;0;0;0;0;0;0;0;0;0;0;0;0;0;0;0;0;0;0;0;0;0;0;0;0;0;0;0;0;0;0;0;0;0;0;0;0;0;0;0;0;0;0;0;0;0;0;0;0;0;0;0;0;0;0;0;0;0;0;0;0;0;0;0;0;0;0;0;0;0;0;0;0;0;0;0;0;0;0;0;0;0;0;0;0;0;0;0;0;0;0;0;0;0;0;0;0;0;0;0;0;0;0;0;0;0;0;0;0;0;0;0;0;0;0;0;0;0;0;0;0;0;0;0;0;0;0;0;0;0;0;0;0;0;0;0;0;0;0;0;0;0;0;0;0;0;0;0;0;0;0;0;0;0;0;0;0;0;0;0;0;0;0;0;0;0;0;0;0;0;0;0;0;0;0;0;0;0;0;0;0;0;0;0;0;0;0;0;0;0;0;0;0;0;0;0;0;0;0;0;0;0;0;0;0;0;0;0;0;0;0;0;0;0;0;0;0;0;0;0;0;0;0;0;0;0;0;0;0;0;0;0;0;0;0;0;0;0;0;0;0;0;0;0;0;0;0;0;0;0;0;0;0;0;0;0;0;0;0;0;0;0;0;0;0;0;0;0;0;0;0;0;0;0;0;0;0;0;0;0;0;0;0;0;0;0;0;120
20.12.2022;20.12.2022;06:00;19:00;RD-22-03028;Redispatch;20221220_RD-01-00102_01(1)MKW-002;Markt-KW 13(1);I;PRD2 (DACF);50Hertz/Amprion/TenneT DE/TransnetBW;AMP-TTG / 380kV / Doerpen West - Hanekenfaehr / Emsland West-Blau;APG;Mellach_GEN_2;2e0279ec-fdbe-4c8c-a07e-bc756cb04c27;KW-Block;10YDE-RWENET---I;;;;;;;;;;;;;;;;;;;;;;;;;E;E;E;E;E;E;E;E;E;E;E;E;E;E;E;E;E;E;E;E;E;E;E;E;E;E;E;E;E;E;E;E;E;E;E;E;E;;;;;;;;;;;;;;;;;;;;;;;;;;;;;;;;;;;;;;;;E;nein;Quelle;;Final;168;;;;;;;;;;;;;0;0;0;0;0;0;0;0;0;0;0;0;0;0;0;0;0;0;0;0;0;0;0;0;0;0;0;0;400;400;400;400;400;400;400;400;400;400;400;400;400;400;400;400;400;400;400;400;400;400;400;400;400;400;400;400;400;400;400;400;550;550;550;550;550;550;550;550;200;200;200;200;200;200;200;200;0;0;0;0;0;0;0;0;0;0;0;0;0;0;0;0;0;0;0;0;0;0;0;0;0;0;0;0;0;0;0;0;0;0;0;0;0;0;0;0;0;0;0;0;0;0;0;0;0;82;82;82;82;82;82;82;82;82;82;82;82;82;82;82;82;82;82;82;82;82;82;82;82;82;82;82;82;82;82;82;82;82;82;82;82;82;82;82;82;82;82;82;82;82;82;82;82;82;82;82;82;0;0;0;0;0;0;0;0;0;0;0;0;0;0;0;0;0;0;0;0;;;;;0;0;0;0;0;0;0;0;0;0;0;0;0;0;0;0;0;0;0;0;0;0;0;0;0;0;0;0;0;0;0;0;0;0;0;0;0;0;0;0;0;0;0;0;0;0;0;0;0;0;0;0;0;0;0;0;0;0;0;0;0;0;0;0;0;0;0;0;0;0;0;0;0;0;0;0;0;0;0;0;0;0;0;0;0;0;0;0;0;0;0;0;0;0;0;0;0;0;0;0;0;0;0;0;0;0;0;0;0;0;0;0;0;0;0;0;0;0;0;0;0;0;0;0;0;0;0;0;0;0;0;0;0;0;0;0;0;0;0;0;0;0;0;0;0;0;0;0;0;0;0;0;0;0;0;0;0;0;0;0;0;0;0;0;0;0;0;0;0;0;0;0;0;0;0;0;0;0;0;0;0;0;0;0;0;0;0;0;0;0;0;0;0;0;0;0;0;0;0;0;0;0;0;0;0;0;0;0;0;0;0;0;0;0;0;0;0;0;0;0;0;0;0;0;0;0;0;0;0;0;0;0;0;0;0;0;0;0;0;0;0;0;0;0;0;0;0;0;0;0;0;0;0;0;0;0;0;0;0;0;0;0;0;0;0;0;0;0;0;0;0;0;0;0;0;0;0;0;0;0;0;0;0;0;0;0;0;0;0;0;0;0;0;0;0;0;0;0;0;0;0;0;0;0;0;0;0;325
20.12.2022;20.12.2022;06:00;19:00;RD-22-03028;Redispatch;20221220_RD-01-00102_01(1)MKW-003;Markt-KW 13(1);I;PRD2 (DACF);50Hertz/Amprion/TenneT DE/TransnetBW;AMP-TTG / 380kV / Doerpen West - Hanekenfaehr / Emsland West-Blau;APG;Malta_HS_GEN_1;996974e8-3af7-44f0-88c9-4391e5813d11;KW-Block;10YDE-RWENET---I;;;;;;;;;;;;;;;;;;;;;;;;;E;E;E;E;E;E;E;E;E;E;E;E;E;E;E;E;E;E;E;E;E;E;E;E;E;E;E;E;E;E;E;E;E;E;E;E;E;;;;;;;;;;;;;;;;;;;;;;;;;;;;;;;;;;;;;;;;E;nein;Quelle;;Final;168;;;;;;;;;;;;;0;0;0;0;0;0;0;0;0;0;0;0;0;0;0;0;0;0;0;0;0;0;0;0;0;0;0;0;130;130;130;130;180;180;180;180;180;180;180;180;180;180;180;180;180;180;180;180;180;180;180;180;180;180;180;180;180;180;180;180;0;0;0;0;0;0;0;0;0;0;0;0;0;0;0;0;0;0;0;0;0;0;0;0;0;0;0;0;0;0;0;0;0;0;0;0;0;0;0;0;0;0;0;0;0;0;0;0;0;0;0;0;0;0;0;0;0;0;0;0;0;0;0;0;0;0;0;0;0;171;171;171;171;171;171;171;171;171;171;171;171;171;171;171;171;171;171;171;171;171;171;171;171;171;171;171;171;171;171;171;171;0;0;0;0;0;0;0;0;0;0;0;0;0;0;0;0;0;0;0;0;0;0;0;0;0;0;0;0;0;0;0;0;0;0;0;0;0;0;0;0;0;0;0;0;0;0;0;0;0;0;0;0;0;0;0;0;0;0;0;0;0;0;0;0;0;0;0;0;0;0;0;0;0;0;0;0;0;0;0;0;0;0;0;0;0;0;0;0;0;0;0;0;0;0;0;0;0;0;0;0;0;0;0;0;0;0;0;0;0;0;0;0;0;0;0;0;0;0;0;0;0;0;0;0;0;0;0;0;0;0;0;0;0;0;0;0;0;0;0;0;0;0;0;0;0;0;0;0;0;0;0;0;0;0;0;0;0;0;0;0;0;0;0;0;0;0;0;0;0;0;0;0;0;0;0;0;0;0;0;0;0;0;0;0;0;0;0;0;0;0;0;0;0;0;0;0;0;0;0;0;0;0;0;0;0;0;0;0;0;0;0;0;0;0;0;0;0;0;0;0;0;0;0;0;0;0;0;0;0;0;0;0;0;0;0;0;0;0;0;0;0;0;0;0;0;0;0;0;0;0;0;0;0;0;0;0;0;0;0;0;0;0;0;0;0;0;0;0;0;0;0;0;0;0;0;0;0;0;0;0;0;0;0;0;0;0;0;0;0;0;0;0;0;0;0;0;0;0;0;0;0;0;0;0;0;0;0;0;0;0;0;0;0;0;0;0;0;0;0;0;0;0;0;0;0;0;0;0;0;0;0;0;0;0;0;0;0;0;0;0;0;0;0;0;0;0;0;0
20.12.2022;20.12.2022;06:00;19:00;RD-22-03028;Redispatch;20221220_RD-01-00102_01(1)MKW-004;Markt-KW 13(1);I;PRD2 (DACF);50Hertz/Amprion/TenneT DE/TransnetBW;AMP-TTG / 380kV / Doerpen West - Hanekenfaehr / Emsland West-Blau;APG;Malta_HS_GEN_2;12a66459-9231-4cb0-8596-39f27bbe89cb;KW-Block;10YDE-RWENET---I;;;;;;;;;;;;;;;;;;;;;;;;;E;E;E;E;E;E;E;E;E;E;E;E;E;E;E;E;E;E;E;E;E;E;E;E;E;E;E;E;E;E;E;E;E;E;E;E;E;;;;;;;;;;;;;;;;;;;;;;;;;;;;;;;;;;;;;;;;E;nein;Quelle;;Final;168;;;;;;;;;;;;;0;0;0;0;0;0;0;0;0;0;0;0;0;0;0;0;0;0;0;0;0;0;0;0;0;0;0;0;0;0;0;0;30;30;30;30;180;180;180;180;180;180;180;180;80;80;80;80;90;90;90;90;180;180;180;180;100;100;100;100;0;0;0;0;0;0;0;0;0;0;0;0;0;0;0;0;0;0;0;0;0;0;0;0;0;0;0;0;0;0;0;0;0;0;0;0;0;0;0;0;0;0;0;0;0;0;0;0;0;0;0;0;0;0;0;0;0;0;0;0;0;0;0;0;0;0;0;0;0;0;0;0;0;171;171;171;171;171;171;171;171;171;171;171;171;171;171;171;171;171;171;171;171;171;171;171;171;171;171;171;171;0;0;0;0;0;0;0;0;0;0;0;0;0;0;0;0;0;0;0;0;0;0;0;0;0;0;0;0;0;0;0;0;0;0;0;0;0;0;0;0;0;0;0;0;0;0;0;0;0;0;0;0;0;0;0;0;0;0;0;0;0;0;0;0;0;0;0;0;0;0;0;0;0;0;0;0;0;0;0;0;0;0;0;0;0;0;0;0;0;0;0;0;0;0;0;0;0;0;0;0;0;0;0;0;0;0;0;0;0;0;0;0;0;0;0;0;0;0;0;0;0;0;0;0;0;0;0;0;0;0;0;0;0;0;0;0;0;0;0;0;0;0;0;0;0;0;0;0;0;0;0;0;0;0;0;0;0;0;0;0;0;0;0;0;0;0;0;0;0;0;0;0;0;0;0;0;0;0;0;0;0;0;0;0;0;0;0;0;0;0;0;0;0;0;0;0;0;0;0;0;0;0;0;0;0;0;0;0;0;0;0;0;0;0;0;0;0;0;0;0;0;0;0;0;0;0;0;0;0;0;0;0;0;0;0;0;0;0;0;0;0;0;0;0;0;0;0;0;0;0;0;0;0;0;0;0;0;0;0;0;0;0;0;0;0;0;0;0;0;0;0;0;0;0;0;0;0;0;0;0;0;0;0;0;0;0;0;0;0;0;0;0;0;0;0;0;0;0;0;0;0;0;0;0;0;0;0;0;0;0;0;0;0;0;0;0;0;0;0;0;0;0;0;0;0;0;0;0;0;0;0;0;0;0;0;0;0;0;0;0;0;0;0;0;0;0;0;0
20.12.2022;20.12.2022;06:00;19:00;RD-22-03028;Redispatch;20221220_RD-01-00102_01(1)MKW-005;Markt-KW 13(1);I;PRD2 (DACF);50Hertz/Amprion/TenneT DE/TransnetBW;AMP-TTG / 380kV / Doerpen West - Hanekenfaehr / Emsland West-Blau;APG;Malta_HS_GEN_4;d3508dc7-8f01-44f3-b093-8af34702ca53;KW-Block;10YDE-RWENET---I;;;;;;;;;;;;;;;;;;;;;;;;;E;E;E;E;E;E;E;E;E;E;E;E;E;E;E;E;E;E;E;E;E;E;E;E;E;E;E;E;E;E;E;E;E;E;E;E;E;;;;;;;;;;;;;;;;;;;;;;;;;;;;;;;;;;;;;;;;E;nein;Quelle;;Final;168;;;;;;;;;;;;;0;0;0;0;0;0;0;0;0;0;0;0;0;0;0;0;0;0;0;0;0;0;0;0;0;0;0;0;0;0;0;0;0;0;0;0;0;0;0;0;70;70;70;70;0;0;0;0;0;0;0;0;70;70;70;70;0;0;0;0;0;0;0;0;0;0;0;0;0;0;0;0;0;0;0;0;0;0;0;0;0;0;0;0;0;0;0;0;0;0;0;0;0;0;0;0;0;0;0;0;0;0;0;0;0;0;0;0;0;0;0;0;0;0;0;0;0;0;0;0;0;0;0;0;0;0;0;0;0;0;0;0;0;0;0;0;0;0;0;0;0;88;88;88;88;0;0;0;0;0;0;0;0;171;171;171;171;0;0;0;0;0;0;0;0;0;0;0;0;0;0;0;0;0;0;0;0;0;0;0;0;0;0;0;0;0;0;0;0;0;0;0;0;0;0;0;0;0;0;0;0;0;0;0;0;0;0;0;0;0;0;0;0;0;0;0;0;0;0;0;0;0;0;0;0;0;0;0;0;0;0;0;0;0;0;0;0;0;0;0;0;0;0;0;0;0;0;0;0;0;0;0;0;0;0;0;0;0;0;0;0;0;0;0;0;0;0;0;0;0;0;0;0;0;0;0;0;0;0;0;0;0;0;0;0;0;0;0;0;0;0;0;0;0;0;0;0;0;0;0;0;0;0;0;0;0;0;0;0;0;0;0;0;0;0;0;0;0;0;0;0;0;0;0;0;0;0;0;0;0;0;0;0;0;0;0;0;0;0;0;0;0;0;0;0;0;0;0;0;0;0;0;0;0;0;0;0;0;0;0;0;0;0;0;0;0;0;0;0;0;0;0;0;0;0;0;0;0;0;0;0;0;0;0;0;0;0;0;0;0;0;0;0;0;0;0;0;0;0;0;0;0;0;0;0;0;0;0;0;0;0;0;0;0;0;0;0;0;0;0;0;0;0;0;0;0;0;0;0;0;0;0;0;0;0;0;0;0;0;0;0;0;0;0;0;0;0;0;0;0;0;0;0;0;0;0;0;0;0;0;0;0;0;0;0;0;0;0;0;0;0;0;0;0;0;0;0;0;0;0;0;0;0;0;0;0;0;0;0;0;0;0;0;0;0;0;0;0;0;0;0;0;0;0;0;0;0;0;0
20.12.2022;20.12.2022;18:00;19:00;RD-22-03028;Redispatch;20221220_FAP-01-00103_01(1)MKW-001;Markt-KW 13(1);I;FAP-Replacement;50Hertz/Amprion/TenneT DE/TransnetBW;AMP-TTG / 380kV / Doerpen West - Hanekenfaehr / Emsland West-Blau;APG;Malta_HS_GEN_1;996974e8-3af7-44f0-88c9-4391e5813d11;KW-Block;10YDE-RWENET---I;;;;;;;;;;;;;;;;;;;;;;;;;E;E;E;E;E;E;E;E;E;E;E;E;E;E;E;E;E;E;E;E;E;E;E;E;E;E;E;E;E;E;E;E;E;E;E;E;E;;;;;;;;;;;;;;;;;;;;;;;;;;;;;;;;;;;;;;;;E;nein;Quelle;;Final;168;;;;;;;;;;;;;0;0;0;0;0;0;0;0;0;0;0;0;0;0;0;0;0;0;0;0;0;0;0;0;0;0;0;0;0;0;0;0;0;0;0;0;0;0;0;0;0;0;0;0;0;0;0;0;0;0;0;0;0;0;0;0;0;0;0;0;0;0;0;0;0;0;0;0;0;0;0;0;55;55;55;55;0;0;0;0;0;0;0;0;0;0;0;0;0;0;0;0;0;0;0;0;0;0;0;0;0;0;0;0;0;0;0;0;0;0;0;0;0;0;0;0;0;0;0;0;0;0;0;0;0;0;0;0;0;0;0;0;0;0;0;0;0;0;0;0;0;0;0;0;0;0;0;0;0;0;0;0;0;0;0;0;0;0;0;0;0;0;0;0;0;0;0;0;0;0;0;0;0;171;171;171;171;0;0;0;0;0;0;0;0;0;0;0;0;0;0;0;0;0;0;0;0;0;0;0;0;0;0;0;0;0;0;0;0;0;0;0;0;0;0;0;0;0;0;0;0;0;0;0;0;0;0;0;0;0;0;0;0;0;0;0;0;0;0;0;0;0;0;0;0;0;0;0;0;0;0;0;0;0;0;0;0;0;0;0;0;0;0;0;0;0;0;0;0;0;0;0;0;0;0;0;0;0;0;0;0;0;0;0;0;0;0;0;0;0;0;0;0;0;0;0;0;0;0;0;0;0;0;0;0;0;0;0;0;0;0;0;0;0;0;0;0;0;0;0;0;0;0;0;0;0;0;0;0;0;0;0;0;0;0;0;0;0;0;0;0;0;0;0;0;0;0;0;0;0;0;0;0;0;0;0;0;0;0;0;0;0;0;0;0;0;0;0;0;0;0;0;0;0;0;0;0;0;0;0;0;0;0;0;0;0;0;0;0;0;0;0;0;0;0;0;0;0;0;0;0;0;0;0;0;0;0;0;0;0;0;0;0;0;0;0;0;0;0;0;0;0;0;0;0;0;0;0;0;0;0;0;0;0;0;0;0;0;0;0;0;0;0;0;0;0;0;0;0;0;0;0;0;0;0;0;0;0;0;0;0;0;0;0;0;0;0;0;0;0;0;0;0;0;0;0;0;0;0;0;0;0;0;0;0;0;0;0;0;0;0;0;0;0;0;0;0;0;0;0;0;0;0;0;0;0;0;0;0
20.12.2022;20.12.2022;18:00;19:00;RD-22-03028;Redispatch;20221220_FAP-01-00103_01(1)MKW-001;Markt-KW 13(1);I;FAP-Replacement;50Hertz/Amprion/TenneT DE/TransnetBW;AMP-TTG / 380kV / Doerpen West - Hanekenfaehr / Emsland West-Blau;APG;Kaprun_HS_GEN_1;a36f2518-b2de-4946-a6ba-d41fb547831f;KW-Block;10YDE-RWENET---I;;;;;;;;;;;;;;;;;;;;;;;;;E;E;E;E;E;E;E;E;E;E;E;E;E;E;E;E;E;E;E;E;E;E;E;E;E;E;E;E;E;E;E;E;E;E;E;E;E;;;;;;;;;;;;;;;;;;;;;;;;;;;;;;;;;;;;;;;;E;nein;Quelle;;Final;168;;;;;;;;;;;;;0;0;0;0;0;0;0;0;0;0;0;0;0;0;0;0;0;0;0;0;0;0;0;0;0;0;0;0;0;0;0;0;0;0;0;0;0;0;0;0;0;0;0;0;0;0;0;0;0;0;0;0;0;0;0;0;0;0;0;0;0;0;0;0;0;0;0;0;0;0;0;0;55;55;55;55;0;0;0;0;0;0;0;0;0;0;0;0;0;0;0;0;0;0;0;0;0;0;0;0;0;0;0;0;0;0;0;0;0;0;0;0;0;0;0;0;0;0;0;0;0;0;0;0;0;0;0;0;0;0;0;0;0;0;0;0;0;0;0;0;0;0;0;0;0;0;0;0;0;0;0;0;0;0;0;0;0;0;0;0;0;0;0;0;0;0;0;0;0;0;0;0;0;200;200;200;200;0;0;0;0;0;0;0;0;0;0;0;0;0;0;0;0;0;0;0;0;0;0;0;0;0;0;0;0;0;0;0;0;0;0;0;0;0;0;0;0;0;0;0;0;0;0;0;0;0;0;0;0;0;0;0;0;0;0;0;0;0;0;0;0;0;0;0;0;0;0;0;0;0;0;0;0;0;0;0;0;0;0;0;0;0;0;0;0;0;0;0;0;0;0;0;0;0;0;0;0;0;0;0;0;0;0;0;0;0;0;0;0;0;0;0;0;0;0;0;0;0;0;0;0;0;0;0;0;0;0;0;0;0;0;0;0;0;0;0;0;0;0;0;0;0;0;0;0;0;0;0;0;0;0;0;0;0;0;0;0;0;0;0;0;0;0;0;0;0;0;0;0;0;0;0;0;0;0;0;0;0;0;0;0;0;0;0;0;0;0;0;0;0;0;0;0;0;0;0;0;0;0;0;0;0;0;0;0;0;0;0;0;0;0;0;0;0;0;0;0;0;0;0;0;0;0;0;0;0;0;0;0;0;0;0;0;0;0;0;0;0;0;0;0;0;0;0;0;0;0;0;0;0;0;0;0;0;0;0;0;0;0;0;0;0;0;0;0;0;0;0;0;0;0;0;0;0;0;0;0;0;0;0;0;0;0;0;0;0;0;0;0;0;0;0;0;0;0;0;0;0;0;0;0;0;0;0;0;0;0;0;0;0;0;0;0;0;0;0;0;0;0;0;0;0;0;0;0;0;0;0;350
20.12.2022;20.12.2022;21:00;22:00;RD-22-03028;Redispatch;20221220_RD-01-00104_01(1)MKW-001;Markt-KW 13(1);I;PRD2 (DACF);50Hertz/Amprion/TenneT DE/TransnetBW;AMP-TTG / 380kV / Doerpen West - Hanekenfaehr / Emsland West-Blau;APG;Malta_HS_GEN_1;996974e8-3af7-44f0-88c9-4391e5813d11;KW-Block;10YDE-RWENET---I;;;;;;;;;;;;;;;;;;;;;;;;;E;E;E;E;E;E;E;E;E;E;E;E;E;E;E;E;E;E;E;E;E;E;E;E;E;E;E;E;E;E;E;E;E;E;E;E;E;;;;;;;;;;;;;;;;;;;;;;;;;;;;;;;;;;;;;;;;E;nein;Quelle;;Final;168;;;;;;;;;;;;;0;0;0;0;0;0;0;0;0;0;0;0;0;0;0;0;0;0;0;0;0;0;0;0;0;0;0;0;0;0;0;0;0;0;0;0;0;0;0;0;0;0;0;0;0;0;0;0;0;0;0;0;0;0;0;0;0;0;0;0;0;0;0;0;0;0;0;0;0;0;0;0;0;0;0;0;0;0;0;0;0;0;0;0;180;181;182;183;0;0;0;0;0;0;0;0;0;0;0;0;0;0;0;0;0;0;0;0;0;0;0;0;0;0;0;0;0;0;0;0;0;0;0;0;0;0;0;0;0;0;0;0;0;0;0;0;0;0;0;0;0;0;0;0;0;0;0;0;0;0;0;0;0;0;0;0;0;0;0;0;0;0;0;0;0;0;0;0;0;0;0;0;0;0;0;0;0;0;0;0;0;0;0;0;0;171;171;171;171;0;0;0;0;0;0;0;0;0;0;0;0;0;0;0;0;0;0;0;0;0;0;0;0;0;0;0;0;0;0;0;0;0;0;0;0;0;0;0;0;0;0;0;0;0;0;0;0;0;0;0;0;0;0;0;0;0;0;0;0;0;0;0;0;0;0;0;0;0;0;0;0;0;0;0;0;0;0;0;0;0;0;0;0;0;0;0;0;0;0;0;0;0;0;0;0;0;0;0;0;0;0;0;0;0;0;0;0;0;0;0;0;0;0;0;0;0;0;0;0;0;0;0;0;0;0;0;0;0;0;0;0;0;0;0;0;0;0;0;0;0;0;0;0;0;0;0;0;0;0;0;0;0;0;0;0;0;0;0;0;0;0;0;0;0;0;0;0;0;0;0;0;0;0;0;0;0;0;0;0;0;0;0;0;0;0;0;0;0;0;0;0;0;0;0;0;0;0;0;0;0;0;0;0;0;0;0;0;0;0;0;0;0;0;0;0;0;0;0;0;0;0;0;0;0;0;0;0;0;0;0;0;0;0;0;0;0;0;0;0;0;0;0;0;0;0;0;0;0;0;0;0;0;0;0;0;0;0;0;0;0;0;0;0;0;0;0;0;0;0;0;0;0;0;0;0;0;0;0;0;0;0;0;0;0;0;0;0;0;0;0;0;0;0;0;0;0;0;0;0;0;0;0;0;0;0;0;0;0;0;0;0;0;0;0;0;0;0;0;0
20.12.2022;20.12.2022;21:00;22:00;RD-22-03028;Redispatch;20221220_RD-01-00104_01(1)MKW-002;Markt-KW 13(1);I;PRD2 (DACF);50Hertz/Amprion/TenneT DE/TransnetBW;AMP-TTG / 380kV / Doerpen West - Hanekenfaehr / Emsland West-Blau;APG;Malta_HS_GEN_2;12a66459-9231-4cb0-8596-39f27bbe89cb;KW-Block;10YDE-RWENET---I;;;;;;;;;;;;;;;;;;;;;;;;;E;E;E;E;E;E;E;E;E;E;E;E;E;E;E;E;E;E;E;E;E;E;E;E;E;E;E;E;E;E;E;E;E;E;E;E;E;;;;;;;;;;;;;;;;;;;;;;;;;;;;;;;;;;;;;;;;E;nein;Quelle;;Final;168;;;;;;;;;;;;;0;0;0;0;0;0;0;0;0;0;0;0;0;0;0;0;0;0;0;0;0;0;0;0;0;0;0;0;0;0;0;0;0;0;0;0;0;0;0;0;0;0;0;0;0;0;0;0;0;0;0;0;0;0;0;0;0;0;0;0;0;0;0;0;0;0;0;0;0;0;0;0;0;0;0;0;0;0;0;0;0;0;0;0;115;115;115;115;0;0;0;0;0;0;0;0;0;0;0;0;0;0;0;0;0;0;0;0;0;0;0;0;0;0;0;0;0;0;0;0;0;0;0;0;0;0;0;0;0;0;0;0;0;0;0;0;0;0;0;0;0;0;0;0;0;0;0;0;0;0;0;0;0;0;0;0;0;0;0;0;0;0;0;0;0;0;0;0;0;0;0;0;0;0;0;0;0;0;0;0;0;0;0;0;0;171;171;171;171;0;0;0;0;0;0;0;0;0;0;0;0;0;0;0;0;0;0;0;0;0;0;0;0;0;0;0;0;0;0;0;0;0;0;0;0;0;0;0;0;0;0;0;0;0;0;0;0;0;0;0;0;0;0;0;0;0;0;0;0;0;0;0;0;0;0;0;0;0;0;0;0;0;0;0;0;0;0;0;0;0;0;0;0;0;0;0;0;0;0;0;0;0;0;0;0;0;0;0;0;0;0;0;0;0;0;0;0;0;0;0;0;0;0;0;0;0;0;0;0;0;0;0;0;0;0;0;0;0;0;0;0;0;0;0;0;0;0;0;0;0;0;0;0;0;0;0;0;0;0;0;0;0;0;0;0;0;0;0;0;0;0;0;0;0;0;0;0;0;0;0;0;0;0;0;0;0;0;0;0;0;0;0;0;0;0;0;0;0;0;0;0;0;0;0;0;0;0;0;0;0;0;0;0;0;0;0;0;0;0;0;0;0;0;0;0;0;0;0;0;0;0;0;0;0;0;0;0;0;0;0;0;0;0;0;0;0;0;0;0;0;0;0;0;0;0;0;0;0;0;0;0;0;0;0;0;0;0;0;0;0;0;0;0;0;0;0;0;0;0;0;0;0;0;0;0;0;0;0;0;0;0;0;0;0;0;0;0;0;0;0;0;0;0;0;0;0;0;0;0;0;0;0;0;0;0;0;0;0;0;0;0;0;0;0;0;0;0;0;0
