;;;;;;;;;;;;;;;;;Art der Anweisung;;;;;;;;;;;;;;;;;;;;;;;;;;;;;;;;;;;;;;;;;;;;;;;;;;;;;;;;;;;;;;;;;;;;;;;;;;;;;;;;;;;;;;;;;;;;;;;;;;;;;;;;;;Kostenteilungsschlüssel (ohne GP Netzreseve);;;;Weiterverrechnungsschlüssel (mit GP Netzreseve);;;;;;;;Leistung (MW);;;;;;;;;;;;;;;;;;;;;;;;;;;;;;;;;;;;;;;;;;;;;;;;;;;;;;;;;;;;;;;;;;;;;;;;;;;;;;;;;;;;;;;;;;;;;;;;;;;;;variable Erzeugungsauslagen [€/Viertelstunde];;;;;;;;;;;;;;;;;;;;;;;;;;;;;;;;;;;;;;;;;;;;;;;;;;;;;;;;;;;;;;;;;;;;;;;;;;;;;;;;;;;;;;;;;;;;;;;;;;;;;;;Arbeitsabhängige Sonstige Kosten [€/Viertelstunden];;;;;;;;;;;;;;;;;;;;;;;;;;;;;;;;;;;;;;;;;;;;;;;;;;;;;;;;;;;;;;;;;;;;;;;;;;;;;;;;;;;;;;;;;;;;;;;;;;;;;;Anteiliger Werteverbrauch [€/Viertelstunde];;;;;;;;;;;;;;;;;;;;;;;;;;;;;;;;;;;;;;;;;;;;;;;;;;;;;;;;;;;;;;;;;;;;;;;;;;;;;;;;;;;;;;;;;;;;;;;;;;;;;Entgangene Erlöse Intraday [€/Viertelstunde];;;;;;;;;;;;;;;;;;;;;;;;;;;;;;;;;;;;;;;;;;;;;;;;;;;;;;;;;;;;;;;;;;;;;;;;;;;;;;;;;;;;;;;;;;;;;;;;;;;;;;;;;;;;;;;;;;;;;;;;;;;,,,,,,,,,,,,,,,,,,,,,,,,,,,,,,,,,,,,,,,,,,,,,,,,,,,,,,,,,,,,,,,,,,,,,,,,,,,,,,,,,,,,,,,,,,,,,,,,,,,,,,,,,,,,,,,,,,,,,,,,,,,,,,,,,,,,,,,,,,,,,,,,,,,,,,,,,,,,,,,,,,,,,,,,,,,,,,,,,,,,,,,,
TM von ;TM bis;Zeit von;Zeit bis;GM-Ident;GM-Art;Tages-TM-Ident;TM-Art;Ursache;Auslösender Prozess;Anforderer;überlastetes Netzelement;Zuständiger RAS-ÜNB ;Aktivierungsobjekt;AO-Code;AO-Art;Anschlussregelzone des AO;1;2;3;4;5;6;7;8;9;10;11;12;13;14;15;16;17;18;19;20;21;22;23;24;25;26;27;28;29;30;31;32;33;34;35;36;37;38;39;40;41;42;43;44;45;46;47;48;49;50;51;52;53;54;55;56;57;58;59;60;61;62;63;64;65;66;67;68;69;70;71;72;73;74;75;76;77;78;79;80;81;82;83;84;85;86;87;88;89;90;91;92;93;94;95;96;97;98;99;100;Art der Anweisung;Gegenläufigkeit;TM-Richtung;Kostenteilungsmechanismus;Kostenstand;Gesamtkosten [€] ;Anteil WV Amprion;Anteil WV TenneT;Anteil WV TransnetBW;Anteil WV 50Hertz;Anteil WV Amprion;Anteil WV TenneT;Anteil WV TransnetBW;Anteil WV 50Hertz;WV Amprion;WV TenneT;WV TransnetBW;WV 50Hertz;1;2;3;4;5;6;7;8;9;10;11;12;13;14;15;16;17;18;19;20;21;22;23;24;25;26;27;28;29;30;31;32;33;34;35;36;37;38;39;40;41;42;43;44;45;46;47;48;49;50;51;52;53;54;55;56;57;58;59;60;61;62;63;64;65;66;67;68;69;70;71;72;73;74;75;76;77;78;79;80;81;82;83;84;85;86;87;88;89;90;91;92;93;94;95;96;97;98;99;100;Menge [MWh] ;1;2;3;4;5;6;7;8;9;10;11;12;13;14;15;16;17;18;19;20;21;22;23;24;25;26;27;28;29;30;31;32;33;34;35;36;37;38;39;40;41;42;43;44;45;46;47;48;49;50;51;52;53;54;55;56;57;58;59;60;61;62;63;64;65;66;67;68;69;70;71;72;73;74;75;76;77;78;79;80;81;82;83;84;85;86;87;88;89;90;91;92;93;94;95;96;97;98;99;100;Summe variable Erzeugungsauslagen [€];Kosten für An- und Abfahrt [€];Auslagen für die Herstellung der Betriebsbereitschaft oder die Verschiebung einer geplanten Revision;1;2;3;4;5;6;7;8;9;10;11;12;13;14;15;16;17;18;19;20;21;22;23;24;25;26;27;28;29;30;31;32;33;34;35;36;37;38;39;40;41;42;43;44;45;46;47;48;49;50;51;52;53;54;55;56;57;58;59;60;61;62;63;64;65;66;67;68;69;70;71;72;73;74;75;76;77;78;79;80;81;82;83;84;85;86;87;88;89;90;91;92;93;94;95;96;97;98;99;100;Arbeitsabhängige Sonstige Kosten [€];Arbeitsunabhängige Sonstige Kosten [€];1;2;3;4;5;6;7;8;9;10;11;12;13;14;15;16;17;18;19;20;21;22;23;24;25;26;27;28;29;30;31;32;33;34;35;36;37;38;39;40;41;42;43;44;45;46;47;48;49;50;51;52;53;54;55;56;57;58;59;60;61;62;63;64;65;66;67;68;69;70;71;72;73;74;75;76;77;78;79;80;81;82;83;84;85;86;87;88;89;90;91;92;93;94;95;96;97;98;99;100;Anteiliger Werteverbrauch [€];1;2;3;4;5;6;7;8;9;10;11;12;13;14;15;16;17;18;19;20;21;22;23;24;25;26;27;28;29;30;31;32;33;34;35;36;37;38;39;40;41;42;43;44;45;46;47;48;49;50;51;52;53;54;55;56;57;58;59;60;61;62;63;64;65;66;67;68;69;70;71;72;73;74;75;76;77;78;79;80;81;82;83;84;85;86;87;88;89;90;91;92;93;94;95;96;97;98;99;100;Entgangene Erlöse Intraday [€];Andere Kosten [€];ProposingEntity_1;Share_Factor_1;ProposingEntity_2;Share_Factor_2;ProposingEntity_3;Share_Factor_3;ProposingEntity_4;Share_Factor_4;ProposingEntity_5;Share_Factor_5;ProposingEntity_6;Share_Factor_6;ProposingEntity_7;Share_Factor_7;ProposingEntity_8;Share_Factor_8;ProposingEntity_9;Share_Factor_9;ProposingEntity_10;Share_Factor_10;ProposingEntity_11;Share_Factor_11,,,,,,,,,,,,,,,,,,,,,,,,,,,,,,,,,,,,,,,,,,,,,,,,,,,,,,,,,,,,,,,,,,,,,,,,,,,,,,,,,,,,,,,,,,,,,,,,,,,,,,,,,,,,,,,,,,,,,,,,,,,,,,,,,,,,,,,,,,,,,,,,,,,,,,,,,,,,,,,,,,,,,,,,,,,,,,,,,,,,,,,,
04.12.2022;04.12.2022;2:00;11:00;RD-22-03368;Redispatch;20221204_RD-22-03368_13(1)MKW-034;Markt-KW 13(1);I;PRD2;50Hertz/Amprion/TenneT DE/TransnetBW;AMP-TTG / 380kV / Doerpen West - Y-Niederlangen / Emsland O-W;50Hertz;Schwarze Pumpe (Standort);11WD8SWPU1L----5;KW-Standort;10YDE-VE-------2;;;;;;;;;E;E;E;E;E;E;E;E;E;E;E;E;E;E;E;E;E;E;E;E;E;E;E;E;E;E;E;E;E;E;E;E;E;E;E;E;;;;;;;;;;;;;;;;;;;;;;;;;;;;;;;;;;;;;;;;;;;;;;;;;;;;;;;;;E;0;Bezug;0;teilabgerechnet;-56586,68;40,58734;54,98115;1,38846;3,04305;29,19951;39,55476;29,05648;2,18925;-16523,03329;-22382,72547;-16442,09736;-1238,823892;;;;;;;;;-71;-71;-71;-71;-73;-73;-73;-73;-30;-30;-30;-30;0;0;0;0;0;0;0;0;-99;-99;-99;-99;-70;-70;-70;-70;-270;-270;-270;-270;-70;-70;-70;-70;;;;;;;;;;;;;;;;;;;;;;;;;;;;;;;;;;;;;;;;;;;;;;;;;;;;;;;;;-683;;;;;;;;;-1471,78;-1471,78;-1471,78;-1471,78;-1512,54;-1512,54;-1512,54;-1512,54;-630,03;-630,03;-630,03;-630,03;0;0;0;0;0;0;0;0;-2048,61;-2048,61;-2048,61;-2048,61;-1448,29;-1448,29;-1448,29;-1448,29;-5588,74;-5588,74;-5588,74;-5588,74;-1448,29;-1448,29;-1448,29;-1448,29;;;;;;;;;;;;;;;;;;;;;;;;;;;;;;;;;;;;;;;;;;;;;;;;;;;;;;;;;-56.593,12;0;0;;;;;;;;;0;0;0;0;0;0;0;0;0;0;0;0;0;0;0;0;0;0;0;0;0;0;0;0;0;0;0;0;0;0;0;0;0;0;0;0;;;;;;;;;;;;;;;;;;;;;;;;;;;;;;;;;;;;;;;;;;;;;;;;;;;;;;;;;0;0;;;;;;;;;0;0;0;0;0;0;0;0;0;0;0;0;0;0;0;0;0;0;0;0;0;0;0;0;0;0;0;0;0;0;0;0;0;0;0;0;;;;;;;;;;;;;;;;;;;;;;;;;;;;;;;;;;;;;;;;;;;;;;;;;;;;;;;;;0;;;;;;;;;0,000374013;9,34E-05;0,001934612;0,002536507;1,72E-05;0,000309328;0,007529013;1,011695423;0,005639286;0,020237564;0,014449687;0,370002554;0;0;0;0;0;0;0;0;4,642457936;0,348543608;0,006796044;3,08E-05;0,009705026;2,01E-07;3,75E-08;2,13E-06;0,000615688;5,87E-05;0,000531116;0,000184323;0,000342243;7,15E-05;1,16E-06;3,79E-05;;;;;;;;;;;;;;;;;;;;;;;;;;;;;;;;;;;;;;;;;;;;;;;;;;;;;;;;;6,44419698;;Amprion;50;Tennet;40;Transelectrica;10;TransnetBW;;50Hertz;;HOPS;;helloElectrica;;SEPS;;Elia;;APG;;PSE;,,,,,,,,,,,,,,,,,,,,,,,,,,,,,,,,,,,,,,,,,,,,,,,,,,,,,,,,,,,,,,,,,,,,,,,,,,,,,,,,,,,,,,,,,,,,,,,,,,,,,,,,,,,,,,,,,
04.12.2022;04.12.2022;2:00;5:00;RD-22-03368;Redispatch;20221204_RD-22-03368_13(1)MKW-039;Markt-KW 13(1);I;PRD2;50Hertz/Amprion/TenneT DE/TransnetBW;AMP-TTG / 380kV / Doerpen West - Y-Niederlangen / Emsland O-W;50Hertz;50H Halle-Dieselstr HKW-BlockA;11W0-0000-0409-D;KW-Standort;10YDE-VE-------2;;;;;;;;;E;E;E;E;E;E;E;E;E;E;E;E;;;;;;;;;;;;;;;;;;;;;;;;;;;;;;;;;;;;;;;;;;;;;;;;;;;;;;;;;;;;;;;;;;;;;;;;;;;;;;;;;E;0;Bezug;0;teilabgerechnet;-11043,36;40,58734;54,98115;1,38846;3,04305;33,661;45,59847;18,21678;2,52375;-3717,30541;-5035,603197;-2011,744596;-278,706798;;;;;;;;;-10;-10;-10;-10;-10;-10;-10;-10;-10;-10;-10;-10;;;;;;;;;;;;;;;;;;;;;;;;;;;;;;;;;;;;;;;;;;;;;;;;;;;;;;;;;;;;;;;;;;;;;;;;;;;;;;;;;-30;;;;;;;;;-920,28;-920,28;-920,28;-920,28;-920,28;-920,28;-920,28;-920,28;-920,28;-920,28;-920,28;-920,28;;;;;;;;;;;;;;;;;;;;;;;;;;;;;;;;;;;;;;;;;;;;;;;;;;;;;;;;;;;;;;;;;;;;;;;;;;;;;;;;;-11.043,36;0;0;;;;;;;;;0;0;0;0;0;0;0;0;0;0;0;0;;;;;;;;;;;;;;;;;;;;;;;;;;;;;;;;;;;;;;;;;;;;;;;;;;;;;;;;;;;;;;;;;;;;;;;;;;;;;;;;;0;0;;;;;;;;;0;0;0;0;0;0;0;0;0;0;0;0;;;;;;;;;;;;;;;;;;;;;;;;;;;;;;;;;;;;;;;;;;;;;;;;;;;;;;;;;;;;;;;;;;;;;;;;;;;;;;;;;0;;;;;;;;;0;0;0;0;0;0;0;0;0;0;0;0;;;;;;;;;;;;;;;;;;;;;;;;;;;;;;;;;;;;;;;;;;;;;;;;;;;;;;;;;;;;;;;;;;;;;;;;;;;;;;;;;0;;;;;;;;;;;;;;;;;;;;;;;,,,,,,,,,,,,,,,,,,,,,,,,,,,,,,,,,,,,,,,,,,,,,,,,,,,,,,,,,,,,,,,,,,,,,,,,,,,,,,,,,,,,,,,,,,,,,,,,,,,,,,,,,,,,,,,,,,,,,,,,,,,,,,,,,,,,,,,,,,,,,,,,,,,,,,,,,,,,,,
04.12.2022;04.12.2022;3:00;5:00;RD-22-03368;Redispatch;20221204_RD-22-03368_13(1)MKW-040;Markt-KW 13(1);I;PRD2;50Hertz/Amprion/TenneT DE/TransnetBW;AMP-TTG / 380kV / Doerpen West - Y-Niederlangen / Emsland O-W;50Hertz;50H Halle-Dieselstr HKW-BlockB;11W0-0000-0411-X;KW-Standort;10YDE-VE-------2;;;;;;;;;;;;;E;E;E;E;E;E;E;E;;;;;;;;;;;;;;;;;;;;;;;;;;;;;;;;;;;;;;;;;;;;;;;;;;;;;;;;;;;;;;;;;;;;;;;;;;;;;;;;;E;0;Bezug;0;teilabgerechnet;-7362,24;40,58734;54,98115;1,38846;3,04305;33,82582;45,82174;17,81634;2,5361;-2490,33805;-3373,506471;-1311,68171;-186,7137686;;;;;;;;;;;;;-10;-10;-10;-10;-10;-10;-10;-10;;;;;;;;;;;;;;;;;;;;;;;;;;;;;;;;;;;;;;;;;;;;;;;;;;;;;;;;;;;;;;;;;;;;;;;;;;;;;;;;;-20;;;;;;;;;;;;;-920,28;-920,28;-920,28;-920,28;-920,28;-920,28;-920,28;-920,28;;;;;;;;;;;;;;;;;;;;;;;;;;;;;;;;;;;;;;;;;;;;;;;;;;;;;;;;;;;;;;;;;;;;;;;;;;;;;;;;;-7.362,24;0;0;;;;;;;;;;;;;0;0;0;0;0;0;0;0;;;;;;;;;;;;;;;;;;;;;;;;;;;;;;;;;;;;;;;;;;;;;;;;;;;;;;;;;;;;;;;;;;;;;;;;;;;;;;;;;0;0;;;;;;;;;;;;;0;0;0;0;0;0;0;0;;;;;;;;;;;;;;;;;;;;;;;;;;;;;;;;;;;;;;;;;;;;;;;;;;;;;;;;;;;;;;;;;;;;;;;;;;;;;;;;;0;;;;;;;;;;;;;0;0;0;0;0;0;0;0;;;;;;;;;;;;;;;;;;;;;;;;;;;;;;;;;;;;;;;;;;;;;;;;;;;;;;;;;;;;;;;;;;;;;;;;;;;;;;;;;0;;;;;;;;;;;;;;;;;;;;;;;,,,,,,,,,,,,,,,,,,,,,,,,,,,,,,,,,,,,,,,,,,,,,,,,,,,,,,,,,,,,,,,,,,,,,,,,,,,,,,,,,,,,,,,,,,,,,,,,,,,,,,,,,,,,,,,,,,,,,,,,,,,,,,,,,,,,,,,,,,,,,,,,,,,,,,,,,,,,,,,,,,
19.12.2022;19.12.2022;2:00;0:00;RD-22-03475;Redispatch;20221219_RD-22-03475_13(1)MKW-069;Markt-KW 13(1);I;PRD2;50Hertz/Amprion/TenneT DE/TransnetBW;AMP-TTG / 380kV / Doerpen West - Meppen - Niederlangen / Emsland O-W;50Hertz;Lippendorf EnBW;11WD8LIPD1LD4--9;KW-Block;10YDE-VE-------2;;;;;;;;;E;E;E;E;E;E;E;E;E;E;E;E;E;E;E;E;E;E;E;E;E;E;E;E;E;E;E;E;E;E;E;E;E;E;E;E;E;E;E;E;E;E;E;E;E;E;E;E;E;E;E;E;E;E;E;E;E;E;E;E;E;E;E;E;E;E;E;E;E;E;E;E;E;E;E;E;E;E;E;E;E;E;E;E;E;E;E;E;;;;;E;0;Bezug;0;teilabgerechnet;-454796,51;40,58734;54,98115;1,38846;3,04305;41,33923;52,92347;2,80814;2,92916;-188009,3753;-240694,0945;-12771,32272;-13321,71745;;;;;;;;;-163;-163;-163;-163;-200;-200;-200;-200;-200;-200;-200;-200;-166;-166;-166;-166;-166;-166;-166;-166;-172;-172;-172;-172;-423;-423;-423;-423;-423;-423;-423;-423;-423;-423;-423;-423;-423;-423;-423;-423;-423;-423;-423;-423;-223;-223;-223;-223;-199;-199;-199;-199;-50;-50;-50;-50;-223;-223;-223;-223;-423;-423;-423;-423;-423;-423;-423;-423;-423;-423;-423;-423;-451;-451;-451;-451;-451;-451;-451;-451;-451;-451;-451;-451;-257;-257;-257;-257;;;;;-6756;;;;;;;;;-3011,43;-3011,43;-3011,43;-3011,43;-3695;-3695;-3695;-3695;-3695;-3695;-3695;-3695;-3066,85;-3066,85;-3066,85;-3066,85;-3066,85;-3066,85;-3066,85;-3066,85;-3177,7;-3177,7;-3177,7;-3177,7;-7814,93;-7814,93;-7814,93;-7814,93;-7814,93;-7814,93;-7814,93;-7814,93;-7814,93;-7814,93;-7814,93;-7814,93;-7814,93;-7814,93;-7814,93;-7814,93;-7814,93;-7814,93;-7814,93;-7814,93;-4119,93;-4119,93;-4119,93;-4119,93;-3676,53;-3676,53;-3676,53;-3676,53;-923,75;-923,75;-923,75;-923,75;-4119,93;-4119,93;-4119,93;-4119,93;-7814,93;-7814,93;-7814,93;-7814,93;-7814,93;-7814,93;-7814,93;-7814,93;-7814,93;-7814,93;-7814,93;-7814,93;-8332,23;-8332,23;-8332,23;-8332,23;-8332,23;-8332,23;-8332,23;-8332,23;-8332,23;-8332,23;-8332,23;-8332,23;-4748,08;-4748,08;-4748,08;-4748,08;;;;;-499.268,72;0;0;;;;;;;;;0;0;0;0;0;0;0;0;0;0;0;0;0;0;0;0;0;0;0;0;0;0;0;0;0;0;0;0;0;0;0;0;0;0;0;0;0;0;0;0;0;0;0;0;0;0;0;0;0;0;0;0;0;0;0;0;0;0;0;0;0;0;0;0;0;0;0;0;0;0;0;0;0;0;0;0;0;0;0;0;0;0;0;0;0;0;0;0;;;;;0;0;;;;;;;;;0;0;0;0;0;0;0;0;0;0;0;0;0;0;0;200,9913669;0;200,9913669;200,9913669;200,9913669;244,6873543;244,6873543;244,6873543;244,6873543;507,88;507,88;507,88;507,88;507,88;507,88;507,88;507,88;507,88;507,88;507,88;507,88;507,88;507,88;507,88;507,88;507,88;507,88;507,88;507,88;315,82;315,82;315,82;315,82;288,03;288,03;288,03;288,03;83,83;83,83;83,83;83,83;315,82;315,82;315,82;315,82;507,88;507,88;0;0;507,88;507,88;507,88;507,88;507,88;507,88;507,88;507,88;532,18;532,18;532,18;532,18;532,18;532,18;532,18;532,18;532,18;532,18;532,18;0;354,73;354,73;354,73;0;;;;;27951,28488;;;;;;;;;618,8881643;676,9618357;653,2677778;376,9945894;704,8203991;696,4124169;764,691796;1030,532151;805,2594235;753,5343681;770,9135255;973,902439;671,0221583;598,2050839;408,6665228;0;638,582494;0;0;0;0;0;0;0;0;0;0;0;0;0;0;0;0;0;0;0;0;0;0;0;0;0;0;0;0;0;0;0;0;0;0;0;0;0;0;0;0;0;0;0;0;0;2129,03;726,85;0;0;0;0;0;0;0;0;0;0;0;0;0;0;0;0;0;0;0;549,57;0;0;0;1972,82;;;;;16520,92514;;;;;;;;;;;;;;;;;;;;;;;
19.12.2022;19.12.2022;7:00;0:00;RD-22-03475;Redispatch;20221219_RD-22-03475_13(1)MKW-070;Markt-KW 13(1);I;PRD2;50Hertz/Amprion/TenneT DE/TransnetBW;AMP-TTG / 380kV / Doerpen West - Meppen - Niederlangen / Emsland O-W;50Hertz;Lippendorf VE;11WD8LIPD1LD8--U;KW-Block;10YDE-VE-------2;;;;;;;;;;;;;;;;;;;;;;;;;;;;;E;E;E;E;E;E;E;E;E;E;E;E;E;E;E;E;E;E;E;E;E;E;E;E;E;E;E;E;E;E;E;E;E;E;E;E;E;E;E;E;E;E;E;E;E;E;E;E;E;E;E;E;E;E;E;E;E;E;E;E;E;E;E;E;E;E;E;E;;;;;E;0;Bezug;0;teilabgerechnet;-509819,46;40,58734;54,98115;1,38846;3,04305;41,41799;52,62783;3,04139;2,91279;-211156,973;-268306,9187;-15505,59807;-14849,97025;;;;;;;;;;;;;;;;;;;;;;;;;;;;;-173;-173;-173;-173;-373;-373;-373;-373;-373;-373;-373;-373;-373;-373;-373;-373;-373;-373;-373;-373;-373;-373;-373;-373;-173;-173;-173;-173;0;0;0;0;0;0;0;0;-173;-173;-173;-173;-373;-373;-373;-373;-373;-373;-373;-373;-373;-373;-373;-373;-383;-383;-383;-383;-383;-383;-383;-383;-383;-383;-383;-383;-183;-183;-183;-183;;;;;-4835;;;;;;;;;;;;;;;;;;;;;;;;;;;;;-4662,68;-4662,68;-4662,68;-4662,68;-10053,07;-10053,07;-10053,07;-10053,07;-10053,07;-10053,07;-10053,07;-10053,07;-10053,07;-10053,07;-10053,07;-10053,07;-10053,07;-10053,07;-10053,07;-10053,07;-10053,07;-10053,07;-10053,07;-10053,07;-4662,68;-4662,68;-4662,68;-4662,68;0;0;0;0;0;0;0;0;-4662,68;-4662,68;-4662,68;-4662,68;-10053,07;-10053,07;-10053,07;-10053,07;-10053,07;-10053,07;-10053,07;-10053,07;-10053,07;-10053,07;-10053,07;-10053,07;-10322,59;-10322,59;-10322,59;-10322,59;-10322,59;-10322,59;-10322,59;-10322,59;-10322,59;-10322,59;-10322,59;-10322,59;-4932,2;-4932,2;-4932,2;-4932,2;;;;;-521.250,28;0;0;;;;;;;;;;;;;;;;;;;;;;;;;;;;;0;0;0;0;0;0;0;0;0;0;0;0;0;0;0;0;0;0;0;0;0;0;0;0;0;0;0;0;0;0;0;0;0;0;0;0;0;0;0;0;0;0;0;0;0;0;0;0;0;0;0;0;0;0;0;0;0;0;0;0;0;0;0;0;0;0;0;0;;;;;0;0;;;;;;;;;;;;;;;;;;;;;;;;;;;;;0;0;0;0;0;0;0;0;0;0;0;0;0;0;0;0;0;0;0;0;0;0;0;0;0;0;0;0;0;0;0;0;0;0;0;0;0;0;0;0;0;0;0;0;0;0;0;0;0;0;0;0;0;0;0;0;0;0;0;0;0;0;0;0;0;0;0;0;;;;;0;;;;;;;;;;;;;;;;;;;;;;;;;;;;;51,65068518;3,052942124;0,18659501;0,134184045;0,233234071;0,160990653;0,262335143;0,073488122;0,590234904;0,219453881;2,272006684;1,501548168;0,400961166;0,348836781;2,460871979;11,7378551;68,80807585;60,06147168;4,395879063;6,4895085;16,78551234;21,36364733;4,756071684;8,753252355;2,759953732;18,03499411;7,584090573;26,3383218;0;0;0;0;0;0;0;0;1,86237943;4,350024367;13,19047518;174,7599859;91,08811442;365,2158914;2270,401064;879,4187443;109,6004547;18,09219308;76,43696046;49,69711522;33,63668298;9,325030513;17,86820034;153,9939167;147,7066104;141,215256;172,5729883;438,3636415;157,0627166;184,1258153;380,5422599;862,8035599;78,04271917;92,21839332;111,0105038;938,4834577;172,9570599;412,8443709;500,2472574;2050,266199;;;;;11430,81704;;;;;;;;;;;;;;;;;;;;;;;,,,,,,,,,,,,,,,,,,,,,,,,,,,,,,,,,,,,,,,,,,,,,,,,,
19.12.2022;19.12.2022;11:00;23:00;RD-22-03475;Redispatch;20221219_RD-22-03475_13(1)MKW-071;Markt-KW 13(1);I;PRD2;50Hertz/Amprion/TenneT DE/TransnetBW;AMP-TTG / 380kV / Doerpen West - Meppen - Niederlangen / Emsland O-W;50Hertz;Rostock Kohlekraftwerk;11WD8ROST1C----K;KW-Block;10YDE-VE-------2;;;;;;;;;;;;;;;;;;;;;;;;;;;;;;;;;;;;;;;;;;;;;E;E;E;E;E;E;E;E;E;E;E;E;E;E;E;E;E;E;E;E;E;E;E;E;E;E;E;E;E;E;E;E;E;E;E;E;E;E;E;E;E;E;E;E;E;E;E;E;;;;;;;;;E;0;Bezug;0;teilabgerechnet;-300761,75;40,58734;54,98115;1,38846;3,04305;41,57753;52,60632;2,90454;2,91161;-125049,3068;-158219,6886;-8735,745333;-8757,009189;;;;;;;;;;;;;;;;;;;;;;;;;;;;;;;;;;;;;;;;;;;;;-110;-194;-194;-194;-194;-194;-194;-194;-194;-194;-194;-194;-194;-194;-194;-194;-193;-193;-193;-193;-193;-193;-193;-193;-193;-193;-193;-193;-193;-193;-193;-193;-193;-193;-193;-193;-195;-195;-195;-195;-197;-197;-197;-130;-70;-70;-70;-70;;;;;;;;;-2165,25;;;;;;;;;;;;;;;;;;;;;;;;;;;;;;;;;;;;;;;;;;;;;-4042,5;-7129,5;-7129,5;-7129,5;-7129,5;-7129,5;-7129,5;-7129,5;-7129,5;-7129,5;-7129,5;-7129,5;-7129,5;-7129,5;-7129,5;-7129,5;-7092,75;-7092,75;-7092,75;-7092,75;-7092,75;-7092,75;-7092,75;-7092,75;-7092,75;-7092,75;-7092,75;-7092,75;-7092,75;-7092,75;-7092,75;-7092,75;-7092,75;-7092,75;-7092,75;-7092,75;-7166,25;-7166,25;-7166,25;-7166,25;-7239,75;-7239,75;-7239,75;-4777,5;-2572,5;-2572,5;-2572,5;-2572,5;;;;;;;;;-318.291,75;0;0;;;;;;;;;;;;;;;;;;;;;;;;;;;;;;;;;;;;;;;;;;;;;0;0;0;0;0;0;0;0;0;0;0;0;0;0;0;0;0;0;0;0;0;0;0;0;0;0;0;0;0;0;0;0;0;0;0;0;0;0;0;0;0;0;0;0;0;0;0;0;;;;;;;;;0;0;;;;;;;;;;;;;;;;;;;;;;;;;;;;;;;;;;;;;;;;;;;;;0;0;143,86;143,86;143,86;143,86;143,86;143,86;143,86;0;143,86;0;143,86;143,86;143,86;143,86;143,56;143,56;143,56;143,56;143,56;143,56;143,56;0;0;0;0;0;0;143,56;0;0;143,56;143,56;143,56;0;0;0;0;0;0;0;0;0;0;0;0;0;;;;;;;;;3305,48;;;;;;;;;;;;;;;;;;;;;;;;;;;;;;;;;;;;;;;;;;;;;111,44;187,63;0;0;0;0;0;0;0;145,9;0;189,8;0;0;0;0;0;0;0;0;0;0;0;558,28;222,48;529,15;1862,69;958,13;217,12;0;213,62;191,96;0;0;0;571,8;323,3;408,56;634,73;1004,91;422,6;537,17;991,86;1183,96;113,96;257,11;553,9;1832,46;;;;;;;;;14224,52;;;;;;;;;;;;;;;;;;;;;;;,,,,,,,,,,,,,,,,,,,,,,,,,,,,,,,,,,,,,,,,,,,,,,,,,,,,,,,,,,,,,,,,,,,,,,,
19.12.2022;19.12.2022;7:00;12:00;RD-22-03475;Redispatch;20221219_RD-22-03475_13(1)MKW-072;Markt-KW 13(1);I;PRD2;50Hertz/Amprion/TenneT DE/TransnetBW;AMP-TTG / 380kV / Doerpen West - Meppen - Niederlangen / Emsland O-W;50Hertz;Schkopau;11WD8SCHK1LS---R;KW-Standort;10YDE-VE-------2;;;;;;;;;;;;;;;;;;;;;;;;;;;;;E;E;E;E;E;E;E;E;E;E;E;E;E;E;E;E;E;E;E;E;;;;;;;;;;;;;;;;;;;;;;;;;;;;;;;;;;;;;;;;;;;;;;;;;;;;;E;0;Bezug;0;offen;-108717,88;40,58734;54,98115;1,38846;3,04305;41,8799;53,27903;1,89223;2,94884;-45530,93943;-57923,8319;-2057,192341;-3205,916333;;;;;;;;;;;;;;;;;;;;;;;;;;;;;-78;-78;-78;-78;-97;-97;-97;-97;-97;-97;-97;-97;-97;-97;-97;-97;-97;-97;-97;-97;;;;;;;;;;;;;;;;;;;;;;;;;;;;;;;;;;;;;;;;;;;;;;;;;;;;;-466;;;;;;;;;;;;;;;;;;;;;;;;;;;;;-4549,35;-4549,35;-4549,35;-4549,35;-5657,53;-5657,53;-5657,53;-5657,53;-5657,53;-5657,53;-5657,53;-5657,53;-5657,53;-5657,53;-5657,53;-5657,53;-5657,53;-5657,53;-5657,53;-5657,53;;;;;;;;;;;;;;;;;;;;;;;;;;;;;;;;;;;;;;;;;;;;;;;;;;;;;-108.717,88;0;0;;;;;;;;;;;;;;;;;;;;;;;;;;;;;0;0;0;0;0;0;0;0;0;0;0;0;0;0;0;0;0;0;0;0;;;;;;;;;;;;;;;;;;;;;;;;;;;;;;;;;;;;;;;;;;;;;;;;;;;;;0;0;;;;;;;;;;;;;;;;;;;;;;;;;;;;;0;0;0;0;0;0;0;0;0;0;0;0;0;0;0;0;0;0;0;0;;;;;;;;;;;;;;;;;;;;;;;;;;;;;;;;;;;;;;;;;;;;;;;;;;;;;0;;;;;;;;;;;;;;;;;;;;;;;;;;;;;0;0;0;0;0;0;0;0;0;0;0;0;0;0;0;0;0;0;0;0;;;;;;;;;;;;;;;;;;;;;;;;;;;;;;;;;;;;;;;;;;;;;;;;;;;;;0;;;;;;;;;;;;;;;;;;;;;;;,,,,,,,,,,,,,,,,,,,,,,,,,,,,,,,,,,,,,,,,,,,,,,,,,,,,,,,,,,,,,,,,,,,,,,,,,,,,,,,,,,,,,,,,,,,,,,,,,,,,,,,,,,,,,,,,,,,,,,,,,,,,,,,,,,,,,,,,,,,,,,,,,,,,,,
19.12.2022;19.12.2022;0:00;0:00;RD-22-03475;Redispatch;20221219_RD-22-03475_13(1)MKW-073;Markt-KW 13(1);I;PRD2;50Hertz/Amprion/TenneT DE/TransnetBW;AMP-TTG / 380kV / Doerpen West - Meppen - Niederlangen / Emsland O-W;50Hertz;Boxberg (Standort);11WD8BOXB1L----J;KW-Standort;10YDE-VE-------2;E;E;E;E;E;E;E;E;E;E;E;E;E;E;E;E;E;E;E;E;E;E;E;E;E;E;E;E;E;E;E;E;E;E;E;E;E;E;E;E;E;E;E;E;E;E;E;E;E;E;E;E;E;E;E;E;E;E;E;E;E;E;E;E;E;E;E;E;E;E;E;E;E;E;E;E;E;E;E;E;E;E;E;E;E;E;E;E;E;E;E;E;E;E;E;E;;;;;E;0;Bezug;0;teilabgerechnet;-376035,35;40,58734;54,98115;1,38846;3,04305;41,38515;53,1233;2,55132;2,94023;-155622,7937;-199762,3871;-9593,865092;-11056,30417;-57;-57;-57;-57;-93;-93;-93;-93;-60;-60;-60;-60;0;0;0;0;0;0;0;0;-155;-155;-155;-155;0;0;0;0;-94;-94;-94;-94;-141;-141;-141;-141;-28;-28;-28;-28;-341;-341;-341;-341;-381;-381;-381;-381;-296;-296;-296;-296;-213;-213;-213;-213;-295;-295;-295;-295;-232;-232;-232;-232;0;0;0;0;0;0;0;0;-369;-369;-369;-369;-206;-206;-206;-206;-381;-381;-381;-381;-123;-123;-123;-123;-381;-381;-381;-381;-506;-506;-506;-506;;;;;-4352;-1416,02;-1416,02;-1416,02;-1416,02;-2223,19;-2223,19;-2223,19;-2223,19;-1518,03;-1518,03;-1518,03;-1518,03;0;0;0;0;0;0;0;0;-3498,89;-3498,89;-3498,89;-3498,89;0;0;0;0;-2243,82;-2243,82;-2243,82;-2243,82;-3203,51;-3203,51;-3203,51;-3203,51;-563,65;-563,65;-563,65;-563,65;-7455;-7455;-7455;-7455;-8260,22;-8260,22;-8260,22;-8260,22;-6549,13;-6549,13;-6549,13;-6549,13;-4857,21;-4857,21;-4857,21;-4857,21;-6510,93;-6510,93;-6510,93;-6510,93;-5242,21;-5242,21;-5242,21;-5242,21;0;0;0;0;0;0;0;0;-8044,3;-8044,3;-8044,3;-8044,3;-4687,89;-4687,89;-4687,89;-4687,89;-8515,49;-8515,49;-8515,49;-8515,49;-2848,88;-2848,88;-2848,88;-2848,88;-8391,6;-8391,6;-8391,6;-8391,6;-10947,75;-10947,75;-10947,75;-10947,75;;;;;-387.910,88;0;0;0;0;0;0;0;0;0;0;0;0;0;0;0;0;0;0;0;0;0;0;0;0;0;0;0;0;0;0;0;0;0;0;0;0;0;0;0;0;0;0;0;0;0;0;0;0;0;0;0;0;0;0;0;0;0;0;0;0;0;0;0;0;0;0;0;0;0;0;0;0;0;0;0;0;0;0;0;0;0;0;0;0;0;0;0;0;0;0;0;0;0;0;0;0;0;0;;;;;0;0;0;0;0;0;0;0;0;0;0;0;0;0;0;0;0;0;0;0;0;0;0;0;0;0;0;0;0;0;0;0;0;0;0;0;0;0;0;0;0;0;0;0;0;0;0;0;0;0;0;0;0;0;0;0;0;0;0;0;0;0;0;0;0;0;0;0;0;0;0;0;0;0;0;0;0;0;0;0;0;0;0;0;0;0;0;0;0;0;0;0;0;0;0;0;0;0;;;;;0;9,508825866;56,99704195;122,6343052;249,3890529;52,57802261;423,2656649;550,3451007;714,6486143;232,2481563;210,3001507;201,2451042;339,2814973;0;0;0;0;0;0;0;0;673,0946759;608,6017177;425,7326185;112,3313135;0;0;0;0;17,30787266;0,802248507;0,035290665;0,027770005;0,020361115;0,01399267;0,025129067;0,006262521;0,003239738;0,00073456;0,018372666;0,010288569;0,070926302;0,056762901;0,567978496;3,627345296;33,02059195;27,65654423;1,214366522;1,936221751;5,544485409;6,882431388;1,201843295;2,396207279;1,482497578;11,34307787;4,175209914;17,15046515;8,719981374;4,811013497;0,079817078;0,044774216;1,412475491;0,680135414;0,14054792;0,174681805;0;0;0;0;0;0;0;0;61,25876929;6,615630324;36,4598586;20,46922117;9,855534274;2,130535588;4,215699888;41,93060043;84,26662786;71,18730946;76,36156466;233,4615087;29,69347824;33,53471318;70,03663241;166,1353359;31,78549538;27,85785641;29,30867434;487,4177183;210,965708;590,0682286;601,6940426;3813,952371;;;;;11875,52692;;;;;;;;;;;;;;;;;;;;;;;,,,,,,,,,,,,,,,,,,,,,
19.12.2022;19.12.2022;9:00;22:00;RD-22-03475;Redispatch;20221219_RD-22-03475_13(1)MKW-074;Markt-KW 13(1);I;PRD2;50Hertz/Amprion/TenneT DE/TransnetBW;AMP-TTG / 380kV / Doerpen West - Meppen - Niederlangen / Emsland O-W;50Hertz;Jänschwalde (Standort);11WD8JAEN1L----Z;KW-Standort;10YDE-VE-------2;;;;;;;;;;;;;;;;;;;;;;;;;;;;;;;;;;;;;E;E;E;E;E;E;E;E;E;E;E;E;E;E;E;E;E;E;E;E;E;E;E;E;E;E;E;E;E;E;E;E;E;E;E;E;E;E;E;E;E;E;E;E;E;E;E;E;E;E;E;E;;;;;;;;;;;;;E;0;Bezug;0;teilabgerechnet;-183987,16;40,58734;54,98115;1,38846;3,04305;41,74758;52,71578;2,61897;2,91767;-76810,18681;-96990,26649;-4818,568524;-5368,138171;;;;;;;;;;;;;;;;;;;;;;;;;;;;;;;;;;;;;-91;-91;-91;-91;-166;-166;-166;-166;-166;-166;-166;-166;-94;-94;-94;-94;-166;-166;-166;-166;-166;-166;-166;-166;-166;-166;-166;-166;-134;-134;-134;-134;-166;-166;-166;-166;-94;-94;-94;-94;-91;-91;-91;-91;-166;-166;-166;-166;-91;-91;-91;-91;;;;;;;;;;;;;-1757;;;;;;;;;;;;;;;;;;;;;;;;;;;;;;;;;;;;;-2386,33;-2386,33;-2386,33;-2386,33;-4359,88;-4359,88;-4359,88;-4359,88;-4359,88;-4359,88;-4359,88;-4359,88;-2456,9;-2456,9;-2456,9;-2456,9;-4359,88;-4359,88;-4359,88;-4359,88;-4359,88;-4359,88;-4359,88;-4359,88;-4359,88;-4359,88;-4359,88;-4359,88;-3558,39;-3558,39;-3558,39;-3558,39;-4359,88;-4359,88;-4359,88;-4359,88;-2438,37;-2438,37;-2438,37;-2438,37;-2364,1;-2364,1;-2364,1;-2364,1;-4359,88;-4359,88;-4359,88;-4359,88;-2382,63;-2382,63;-2382,63;-2382,63;;;;;;;;;;;;;-184.423,52;0;0;;;;;;;;;;;;;;;;;;;;;;;;;;;;;;;;;;;;;0;0;0;0;0;0;0;0;0;0;0;0;0;0;0;0;0;0;0;0;0;0;0;0;0;0;0;0;0;0;0;0;0;0;0;0;0;0;0;0;0;0;0;0;0;0;0;0;0;0;0;0;;;;;;;;;;;;;0;0;;;;;;;;;;;;;;;;;;;;;;;;;;;;;;;;;;;;;0;0;0;0;0;0;0;0;0;0;0;0;0;0;0;0;0;0;0;0;0;0;0;0;0;0;0;0;0;0;0;0;0;0;0;0;0;0;0;0;0;0;0;0;0;0;0;0;0;0;0;0;;;;;;;;;;;;;0;;;;;;;;;;;;;;;;;;;;;;;;;;;;;;;;;;;;;0,013502007;0,004329555;0,058512412;0,036786952;0,014354084;0,011803244;0,104355544;0,587145432;4,128641888;3,536027285;0,200299064;0,308161385;0,703910383;0,884403774;0,171257941;0,330548389;0,30450152;2,206211545;0,851599314;3,293264852;1,437123794;0,823205274;0,016877041;0,009334719;0,292164054;0,139865583;0,030665927;0,037797921;0,023412264;0,06091631;0,203004375;3,31998047;5,639279764;25,06666613;173,8014169;63,78198571;7,780617782;1,046654425;5,043146625;3,055900028;1,937161503;0,450894113;0,885799614;8,483971457;9,051716039;8,096898836;9,210364313;25,98638902;6,216118313;7,112482257;14,83192653;34,74064121;;;;;;;;;;;;;436,3639948;;;;;;;;;;;;;;;;;;;;;;;,,,,,,,,,,,,,,,,,,,,,,,,,,,,,,,,,,,,,,,,,,,,,,,,,,,,,,,,,,,,,,,,,
19.12.2022;19.12.2022;6:00;0:00;RD-22-03475;Redispatch;20221219_RD-22-03475_13(1)MKW-075;Markt-KW 13(1);I;PRD2;50Hertz/Amprion/TenneT DE/TransnetBW;AMP-TTG / 380kV / Doerpen West - Meppen - Niederlangen / Emsland O-W;50Hertz;Schwarze Pumpe (Standort);11WD8SWPU1L----5;KW-Standort;10YDE-VE-------2;;;;;;;;;;;;;;;;;;;;;;;;;E;E;E;E;E;E;E;E;E;E;E;E;E;E;E;E;E;E;E;E;E;E;E;E;E;E;E;E;E;E;E;E;E;E;E;E;E;E;E;E;E;E;E;E;E;E;E;E;E;E;E;E;E;E;E;E;E;E;E;E;E;E;E;E;E;E;E;E;E;E;E;E;;;;;E;0;Bezug;0;teilabgerechnet;-181005,49;40,58734;54,98115;1,38846;3,04305;41,24514;52,95029;2,87392;2,93065;-74655,96776;-95842,93187;-5201,952978;-5304,637393;;;;;;;;;;;;;;;;;;;;;;;;;-107;-107;-107;-107;-183;-183;-183;-183;-142;-142;-142;-142;-29;-29;-29;-29;-142;-142;-142;-142;-142;-142;-142;-142;-102;-102;-102;-102;-102;-102;-102;-102;-101;-101;-101;-101;-102;-102;-102;-102;0;0;0;0;-142;-142;-142;-142;-117;-117;-117;-117;-117;-117;-117;-117;-223;-223;-223;-223;-167;-167;-167;-167;-223;-223;-223;-223;-223;-223;-223;-223;;;;;-2364;;;;;;;;;;;;;;;;;;;;;;;;;-2090,95;-2090,95;-2090,95;-2090,95;-3576,1;-3576,1;-3576,1;-3576,1;-2774,9;-2774,9;-2774,9;-2774,9;-566,7;-566,7;-566,7;-566,7;-2774,9;-2774,9;-2774,9;-2774,9;-2774,9;-2774,9;-2774,9;-2774,9;-1993,24;-1993,24;-1993,24;-1993,24;-1993,24;-1993,24;-1993,24;-1993,24;-1973,7;-1973,7;-1973,7;-1973,7;-1993,24;-1993,24;-1993,24;-1993,24;0;0;0;0;-2774,9;-2774,9;-2774,9;-2774,9;-2286,36;-2286,36;-2286,36;-2286,36;-2286,36;-2286,36;-2286,36;-2286,36;-4357,77;-4357,77;-4357,77;-4357,77;-3263,44;-3263,44;-3263,44;-3263,44;-4357,77;-4357,77;-4357,77;-4357,77;-4357,77;-4357,77;-4357,77;-4357,77;;;;;-184.784,96;0;0;;;;;;;;;;;;;;;;;;;;;;;;;0;0;0;0;0;0;0;0;0;0;0;0;0;0;0;0;0;0;0;0;0;0;0;0;0;0;0;0;0;0;0;0;0;0;0;0;0;0;0;0;0;0;0;0;0;0;0;0;0;0;0;0;0;0;0;0;0;0;0;0;0;0;0;0;0;0;0;0;0;0;0;0;;;;;0;0;;;;;;;;;;;;;;;;;;;;;;;;;0;0;0;0;0;0;0;0;0;0;0;0;0;0;0;0;0;0;0;0;0;0;0;0;0;0;0;0;0;0;0;0;0;0;0;0;0;0;0;0;0;0;0;0;0;0;0;0;0;0;0;0;0;0;0;0;0;0;0;0;0;0;0;0;0;0;0;0;0;0;0;0;;;;;0;;;;;;;;;;;;;;;;;;;;;;;;;337,6610197;20,98547274;0,375455655;0,000678124;14,89331221;0,424434411;0,008627299;0,008626219;0,002895822;0,001981655;0,00436616;0,000857658;0,002630072;0,000568655;0,015463613;0,008524113;0,007525744;0,005300116;0,084783406;0,734479056;8,299661977;6,761576726;0,19667104;0,3370423;1,011042756;1,222470636;0,164922332;0,359516674;0,29377714;2,754650843;0,850868508;4,34429688;1,60813647;0,818439409;0,006727574;0,004046974;0,220254378;0,108796196;0,016746864;0,021833426;0;0;0;0;12,30056673;71,19734858;650,7902906;208,4087581;14,33556091;1,130964467;7,660229623;3,848922427;2,89412095;0,424668372;0,884041112;10,88729973;32,24587174;24,02320087;22,1186601;82,70055546;21,44914203;22,84854855;47,96847838;120,0337222;10,08896019;6,418230946;5,640128305;186,5801334;60,70573966;187,0279051;168,4023848;1391,827366;;;;;3779,470281;;;;;;;;;;;;;;;;;;;;;;;,,,,,,,,,,,,,,,,,,,,,,,,,,,,,,,,,
19.12.2022;19.12.2022;4:00;21:00;RD-22-03475;Redispatch;20221219_RD-22-03475_RD2_13(1)-068;RD2.0-KW 13(1);I;PRD2 (DACF);50 Hertz/Amprion/Tennet DE/TransnetBW;AMP-TTG / 380kV / Doerpen West - Meppen - Niederlangen / Emsland O-W;50Hertz;50H_TEN_CR_M2_VIB;A1013602862;VNB-Fallback-Cluster;10YDE-VE-------2;;;;;;;;;;;;;;;;;E;E;E;E;E;E;E;E;E;E;E;E;E;E;E;E;E;E;E;E;E;E;E;E;E;E;E;E;E;E;E;E;E;E;E;E;E;E;E;E;E;E;E;E;E;E;E;E;E;E;E;E;E;E;E;E;E;E;E;E;E;E;E;E;E;E;E;E;;;;;;;;;;;;;;;;;E;nein;Senke;;Offen;;;;;;;;;;;;;;;;;;;;;;;;;;;;;;-175;-175;-175;-175;0;0;0;0;0;0;0;0;0;0;0;0;-175;-175;-175;-175;-280;-280;-280;-280;-181;-181;-181;-181;0;0;0;0;0;0;0;0;0;0;0;0;0;0;0;0;0;0;0;0;0;0;0;0;0;0;0;0;0;0;0;0;0;0;0;0;0;0;0;0;;;;;;;;;;;;;;;;;-811;;;;;;;;;;;;;;;;;0;0;0;0;0;0;0;0;0;0;0;0;0;0;0;0;0;0;0;0;0;0;0;0;0;0;0;0;0;0;0;0;0;0;0;0;0;0;0;0;0;0;0;0;0;0;0;0;0;0;0;0;0;0;0;0;0;0;0;0;0;0;0;0;0;0;0;0;;;;;;;;;;;;;;;;;0;0;0;;;;;;;;;;;;;;;;;0;0;0;0;0;0;0;0;0;0;0;0;0;0;0;0;0;0;0;0;0;0;0;0;0;0;0;0;0;0;0;0;0;0;0;0;0;0;0;0;0;0;0;0;0;0;0;0;0;0;0;0;0;0;0;0;0;0;0;0;0;0;0;0;0;0;0;0;;;;;;;;;;;;;;;;;0;0;;;;;;;;;;;;;;;;;0;0;0;0;0;0;0;0;0;0;0;0;0;0;0;0;0;0;0;0;0;0;0;0;0;0;0;0;0;0;0;0;0;0;0;0;0;0;0;0;0;0;0;0;0;0;0;0;0;0;0;0;0;0;0;0;0;0;0;0;0;0;0;0;0;0;0;0;;;;;;;;;;;;;;;;;0;;;;;;;;;;;;;;;;;0;0;0;0;0;0;0;0;0;0;0;0;0;0;0;0;0;0;0;0;0;0;0;0;0;0;0;0;0;0;0;0;0;0;0;0;0;0;0;0;0;0;0;0;0;0;0;0;0;0;0;0;0;0;0;0;0;0;0;0;0;0;0;0;0;0;0;0;;;;;;;;;;;;;;;;;0;;;;;;;;;;;;;;;;;;;;;;;,,,,,,,,,,,,,,,,,,,,,,,,,,,,,,,,,,,,,,,,,,,,,,,,,,,,,,,,,,,,,,,,,,,,,,,,,,,,,,,,,,,,,,,,,,,,,,,,,,,,,,,,,,,,,,,,,,,,,,,,,,,,,,,,,,,,,,,,,,,,,,,,,,,,,,,,,,,,,,,,,,,,,,,,,,,,,,,,,,,,,,,,
19.12.2022;20.12.2022;17:00;0:00;RD-22-03482;Redispatch;20221219_RD-22-03482_RD2_13(1)-004;RD2.0-KW 13(1);I;Intraday;Amprion/Tennet DE;AMP-TTG / 380kV / Dettingen - Grosskrotzenburg / Untermain Sued-1, TTG / 380kV / Dipperz - Großkrotzenburg / 1;50Hertz;50H_MNS_CR_RAG;A1000212624;VNB-Fallback-Cluster;10YDE-VE-------2;;;;;;;;;;;;;;;;;;;;;;;;;;;;;;;;;;;;;;;;;;;;;;;;;;;;;;;;;;;;;;;;;;;;;E;E;E;E;E;E;E;E;E;E;E;E;E;E;E;E;E;E;E;E;E;E;E;E;E;E;E;E;;;;;E;nein;Senke;;Offen;;;;;;;;;;;;;;;;;;;;;;;;;;;;;;;;;;;;;;;;;;;;;;;;;;;;;;;;;;;;;;;;;;;;;;;;;;;;;;;;;;-300;-300;-300;-300;-300;-300;-300;-300;-300;-300;-300;-300;-300;-300;-300;-300;-300;-300;-300;-300;-300;-300;-300;-300;-300;-300;-300;-300;;;;;-2100;;;;;;;;;;;;;;;;;;;;;;;;;;;;;;;;;;;;;;;;;;;;;;;;;;;;;;;;;;;;;;;;;;;;;0;0;0;0;0;0;0;0;0;0;0;0;0;0;0;0;0;0;0;0;0;0;0;0;0;0;0;0;;;;;0;0;0;;;;;;;;;;;;;;;;;;;;;;;;;;;;;;;;;;;;;;;;;;;;;;;;;;;;;;;;;;;;;;;;;;;;;0;0;0;0;0;0;0;0;0;0;0;0;0;0;0;0;0;0;0;0;0;0;0;0;0;0;0;0;;;;;0;0;;;;;;;;;;;;;;;;;;;;;;;;;;;;;;;;;;;;;;;;;;;;;;;;;;;;;;;;;;;;;;;;;;;;;0;0;0;0;0;0;0;0;0;0;0;0;0;0;0;0;0;0;0;0;0;0;0;0;0;0;0;0;;;;;0;;;;;;;;;;;;;;;;;;;;;;;;;;;;;;;;;;;;;;;;;;;;;;;;;;;;;;;;;;;;;;;;;;;;;0;0;0;0;0;0;0;0;0;0;0;0;0;0;0;0;0;0;0;0;0;0;0;0;0;0;0;0;;;;;0;;;;;;;;;;;;;;;;;;;;;;;,,,,,,,,,,,,,,,,,,,,,,,,,,,,,,,,,,,,,,,,,,,,,,,,,,,,,,,,,,,,,,,,,,,,,,,,,,,,,,,,,,,,,,,,,,,,,,,,,,,,,,,,,,,,,,,,,,,,,,,,,,,,,,,,,,,,,,,,,,,,,,,,,,,,,,,,,,,,,,,,,,,,,,,,,,,,,,,,,,,,,,,
19.12.2022;20.12.2022;17:00;0:00;RD-22-03482;Redispatch;20221219_RD-22-03482_RD2_13(1)-005;RD2.0-KW 13(1);I;Intraday;Amprion/Tennet DE;AMP-TTG / 380kV / Dettingen - Grosskrotzenburg / Untermain Sued-1, TTG / 380kV / Dipperz - Großkrotzenburg / 1;50Hertz;50H_MNS_CR_KLM;A1000219018;VNB-Fallback-Cluster;10YDE-VE-------2;;;;;;;;;;;;;;;;;;;;;;;;;;;;;;;;;;;;;;;;;;;;;;;;;;;;;;;;;;;;;;;;;;;;;E;E;E;E;E;E;E;E;E;E;E;E;E;E;E;E;E;E;E;E;E;E;E;E;E;E;E;E;;;;;E;nein;Senke;;Offen;;;;;;;;;;;;;;;;;;;;;;;;;;;;;;;;;;;;;;;;;;;;;;;;;;;;;;;;;;;;;;;;;;;;;;;;;;;;;;;;;;-250;-250;-250;-250;-250;-250;-250;-250;-250;-250;-250;-250;-250;-250;-250;-250;-250;-250;-250;-250;-250;-250;-250;-250;-250;-250;-250;-250;;;;;-1750;;;;;;;;;;;;;;;;;;;;;;;;;;;;;;;;;;;;;;;;;;;;;;;;;;;;;;;;;;;;;;;;;;;;;0;0;0;0;0;0;0;0;0;0;0;0;0;0;0;0;0;0;0;0;0;0;0;0;0;0;0;0;;;;;0;0;0;;;;;;;;;;;;;;;;;;;;;;;;;;;;;;;;;;;;;;;;;;;;;;;;;;;;;;;;;;;;;;;;;;;;;0;0;0;0;0;0;0;0;0;0;0;0;0;0;0;0;0;0;0;0;0;0;0;0;0;0;0;0;;;;;0;0;;;;;;;;;;;;;;;;;;;;;;;;;;;;;;;;;;;;;;;;;;;;;;;;;;;;;;;;;;;;;;;;;;;;;0;0;0;0;0;0;0;0;0;0;0;0;0;0;0;0;0;0;0;0;0;0;0;0;0;0;0;0;;;;;0;;;;;;;;;;;;;;;;;;;;;;;;;;;;;;;;;;;;;;;;;;;;;;;;;;;;;;;;;;;;;;;;;;;;;0;0;0;0;0;0;0;0;0;0;0;0;0;0;0;0;0;0;0;0;0;0;0;0;0;0;0;0;;;;;0;;;;;;;;;;;;;;;;;;;;;;;,,,,,,,,,,,,,,,,,,,,,,,,,,,,,,,,,,,,,,,,,,,,,,,,,,,,,,,,,,,,,,,,,,,,,,,,,,,,,,,,,,,,,,,,,,,,,,,,,,,,,,,,,,,,,,,,,,,,,,,,,,,,,,,,,,,,,,,,,,,,,,,,,,,,,,,,,,,,,,,,,,,,,,,,,,,,,,,,,,,,,,,
19.12.2022;20.12.2022;17:00;0:00;RD-22-03482;Redispatch;20221219_RD-22-03482_RD2_13(1)-006;RD2.0-KW 13(1);I;Intraday;Amprion/Tennet DE;AMP-TTG / 380kV / Dettingen - Grosskrotzenburg / Untermain Sued-1, TTG / 380kV / Dipperz - Großkrotzenburg / 1;50Hertz;50H_MNS_CR_JEN;A1000220263;VNB-Fallback-Cluster;10YDE-VE-------2;;;;;;;;;;;;;;;;;;;;;;;;;;;;;;;;;;;;;;;;;;;;;;;;;;;;;;;;;;;;;;;;;;;;;E;E;E;E;E;E;E;E;E;E;E;E;E;E;E;E;E;E;E;E;E;E;E;E;E;E;E;E;;;;;E;nein;Senke;;Offen;;;;;;;;;;;;;;;;;;;;;;;;;;;;;;;;;;;;;;;;;;;;;;;;;;;;;;;;;;;;;;;;;;;;;;;;;;;;;;;;;;-100;-100;-100;-100;-100;-100;-100;-100;-100;-100;-100;-100;-100;-100;-100;-100;-100;-100;-100;-100;-100;-100;-100;-100;-100;-100;-100;-100;;;;;-700;;;;;;;;;;;;;;;;;;;;;;;;;;;;;;;;;;;;;;;;;;;;;;;;;;;;;;;;;;;;;;;;;;;;;0;0;0;0;0;0;0;0;0;0;0;0;0;0;0;0;0;0;0;0;0;0;0;0;0;0;0;0;;;;;0;0;0;;;;;;;;;;;;;;;;;;;;;;;;;;;;;;;;;;;;;;;;;;;;;;;;;;;;;;;;;;;;;;;;;;;;;0;0;0;0;0;0;0;0;0;0;0;0;0;0;0;0;0;0;0;0;0;0;0;0;0;0;0;0;;;;;0;0;;;;;;;;;;;;;;;;;;;;;;;;;;;;;;;;;;;;;;;;;;;;;;;;;;;;;;;;;;;;;;;;;;;;;0;0;0;0;0;0;0;0;0;0;0;0;0;0;0;0;0;0;0;0;0;0;0;0;0;0;0;0;;;;;0;;;;;;;;;;;;;;;;;;;;;;;;;;;;;;;;;;;;;;;;;;;;;;;;;;;;;;;;;;;;;;;;;;;;;0;0;0;0;0;0;0;0;0;0;0;0;0;0;0;0;0;0;0;0;0;0;0;0;0;0;0;0;;;;;0;;;;;;;;;;;;;;;;;;;;;;;,,,,,,,,,,,,,,,,,,,,,,,,,,,,,,,,,,,,,,,,,,,,,,,,,,,,,,,,,,,,,,,,,,,,,,,,,,,,,,,,,,,,,,,,,,,,,,,,,,,,,,,,,,,,,,,,,,,,,,,,,,,,,,,,,,,,,,,,,,,,,,,,,,,,,,,,,,,,,,,,,,,,,,,,,,,,,,,,,,,,,,,
19.12.2022;20.12.2022;17:00;0:00;RD-22-03482;Redispatch;20221219_RD-22-03482_RD2_13(1)-007;RD2.0-KW 13(1);I;Intraday;Amprion/Tennet DE;AMP-TTG / 380kV / Dettingen - Grosskrotzenburg / Untermain Sued-1, TTG / 380kV / Dipperz - Großkrotzenburg / 1;50Hertz;50H_MNS_CR_LAU_Nord;A1000211105;VNB-Fallback-Cluster;10YDE-VE-------2;;;;;;;;;;;;;;;;;;;;;;;;;;;;;;;;;;;;;;;;;;;;;;;;;;;;;;;;;;;;;;;;;;;;;E;E;E;E;E;E;E;E;E;E;E;E;E;E;E;E;E;E;E;E;E;E;E;E;E;E;E;E;;;;;E;nein;Senke;;Offen;;;;;;;;;;;;;;;;;;;;;;;;;;;;;;;;;;;;;;;;;;;;;;;;;;;;;;;;;;;;;;;;;;;;;;;;;;;;;;;;;;-150;-150;-150;-150;-150;-150;-150;-150;-150;-150;-150;-150;-150;-150;-150;-150;-150;-150;-150;-150;-150;-150;-150;-150;-150;-150;-150;-150;;;;;-1050;;;;;;;;;;;;;;;;;;;;;;;;;;;;;;;;;;;;;;;;;;;;;;;;;;;;;;;;;;;;;;;;;;;;;0;0;0;0;0;0;0;0;0;0;0;0;0;0;0;0;0;0;0;0;0;0;0;0;0;0;0;0;;;;;0;0;0;;;;;;;;;;;;;;;;;;;;;;;;;;;;;;;;;;;;;;;;;;;;;;;;;;;;;;;;;;;;;;;;;;;;;0;0;0;0;0;0;0;0;0;0;0;0;0;0;0;0;0;0;0;0;0;0;0;0;0;0;0;0;;;;;0;0;;;;;;;;;;;;;;;;;;;;;;;;;;;;;;;;;;;;;;;;;;;;;;;;;;;;;;;;;;;;;;;;;;;;;0;0;0;0;0;0;0;0;0;0;0;0;0;0;0;0;0;0;0;0;0;0;0;0;0;0;0;0;;;;;0;;;;;;;;;;;;;;;;;;;;;;;;;;;;;;;;;;;;;;;;;;;;;;;;;;;;;;;;;;;;;;;;;;;;;0;0;0;0;0;0;0;0;0;0;0;0;0;0;0;0;0;0;0;0;0;0;0;0;0;0;0;0;;;;;0;;;;;;;;;;;;;;;;;;;;;;;,,,,,,,,,,,,,,,,,,,,,,,,,,,,,,,,,,,,,,,,,,,,,,,,,,,,,,,,,,,,,,,,,,,,,,,,,,,,,,,,,,,,,,,,,,,,,,,,,,,,,,,,,,,,,,,,,,,,,,,,,,,,,,,,,,,,,,,,,,,,,,,,,,,,,,,,,,,,,,,,,,,,,,,,,,,,,,,,,,,,,,,
19.12.2022;20.12.2022;17:00;0:00;RD-22-03482;Redispatch;20221219_RD-22-03482_RD2_13(1)-008;RD2.0-KW 13(1);I;Intraday;Amprion/Tennet DE;AMP-TTG / 380kV / Dettingen - Grosskrotzenburg / Untermain Sued-1, TTG / 380kV / Dipperz - Großkrotzenburg / 1;50Hertz;50H_MNS_CR_MA_Nord;A1000218169;VNB-Fallback-Cluster;10YDE-VE-------2;;;;;;;;;;;;;;;;;;;;;;;;;;;;;;;;;;;;;;;;;;;;;;;;;;;;;;;;;;;;;;;;;;;;;E;E;E;E;E;E;E;E;E;E;E;E;E;E;E;E;E;E;E;E;E;E;E;E;E;E;E;E;;;;;E;nein;Senke;;Offen;;;;;;;;;;;;;;;;;;;;;;;;;;;;;;;;;;;;;;;;;;;;;;;;;;;;;;;;;;;;;;;;;;;;;;;;;;;;;;;;;;-200;-200;-200;-200;-200;-200;-200;-200;-200;-200;-200;-200;-200;-200;-200;-200;-200;-200;-200;-200;-200;-200;-200;-200;-200;-200;-200;-200;;;;;-1400;;;;;;;;;;;;;;;;;;;;;;;;;;;;;;;;;;;;;;;;;;;;;;;;;;;;;;;;;;;;;;;;;;;;;0;0;0;0;0;0;0;0;0;0;0;0;0;0;0;0;0;0;0;0;0;0;0;0;0;0;0;0;;;;;0;0;0;;;;;;;;;;;;;;;;;;;;;;;;;;;;;;;;;;;;;;;;;;;;;;;;;;;;;;;;;;;;;;;;;;;;;0;0;0;0;0;0;0;0;0;0;0;0;0;0;0;0;0;0;0;0;0;0;0;0;0;0;0;0;;;;;0;0;;;;;;;;;;;;;;;;;;;;;;;;;;;;;;;;;;;;;;;;;;;;;;;;;;;;;;;;;;;;;;;;;;;;;0;0;0;0;0;0;0;0;0;0;0;0;0;0;0;0;0;0;0;0;0;0;0;0;0;0;0;0;;;;;0;;;;;;;;;;;;;;;;;;;;;;;;;;;;;;;;;;;;;;;;;;;;;;;;;;;;;;;;;;;;;;;;;;;;;0;0;0;0;0;0;0;0;0;0;0;0;0;0;0;0;0;0;0;0;0;0;0;0;0;0;0;0;;;;;0;;;;;;;;;;;;;;;;;;;;;;;,,,,,,,,,,,,,,,,,,,,,,,,,,,,,,,,,,,,,,,,,,,,,,,,,,,,,,,,,,,,,,,,,,,,,,,,,,,,,,,,,,,,,,,,,,,,,,,,,,,,,,,,,,,,,,,,,,,,,,,,,,,,,,,,,,,,,,,,,,,,,,,,,,,,,,,,,,,,,,,,,,,,,,,,,,,,,,,,,,,,,,,
19.12.2022;19.12.2022;18:00;21:00;RD-22-03475;Redispatch;20221219_RD-22-03475_RD2_13(1)-104;RD2.0-KW 13(1);I;PRD2 (DACF);50 Hertz/Amprion/Tennet DE/TransnetBW;AMP-TTG / 380kV / Doerpen West - Meppen - Niederlangen / Emsland O-W;50Hertz;50H_MNS_CR_PRL;A1000213953;VNB-Fallback-Cluster;10YDE-VE-------2;;;;;;;;;;;;;;;;;;;;;;;;;;;;;;;;;;;;;;;;;;;;;;;;;;;;;;;;;;;;;;;;;;;;;;;;;E;E;E;E;E;E;E;E;E;E;E;E;;;;;;;;;;;;;;;;;E;nein;Senke;;Offen;;;;;;;;;;;;;;;;;;;;;;;;;;;;;;;;;;;;;;;;;;;;;;;;;;;;;;;;;;;;;;;;;;;;;;;;;;;;;;;;;;;;;;-100;-100;-100;-100;-100;-100;-100;-100;-116;-116;-116;-116;;;;;;;;;;;;;;;;;-316;;;;;;;;;;;;;;;;;;;;;;;;;;;;;;;;;;;;;;;;;;;;;;;;;;;;;;;;;;;;;;;;;;;;;;;;;0;0;0;0;0;0;0;0;0;0;0;0;;;;;;;;;;;;;;;;;0;0;0;;;;;;;;;;;;;;;;;;;;;;;;;;;;;;;;;;;;;;;;;;;;;;;;;;;;;;;;;;;;;;;;;;;;;;;;;0;0;0;0;0;0;0;0;0;0;0;0;;;;;;;;;;;;;;;;;0;0;;;;;;;;;;;;;;;;;;;;;;;;;;;;;;;;;;;;;;;;;;;;;;;;;;;;;;;;;;;;;;;;;;;;;;;;;0;0;0;0;0;0;0;0;0;0;0;0;;;;;;;;;;;;;;;;;0;;;;;;;;;;;;;;;;;;;;;;;;;;;;;;;;;;;;;;;;;;;;;;;;;;;;;;;;;;;;;;;;;;;;;;;;;0;0;0;0;0;0;0;0;0;0;0;0;;;;;;;;;;;;;;;;;0;;;;;;;;;;;;;;;;;;;;;;;,,,,,,,,,,,,,,,,,,,,,,,,,,,,,,,,,,,,,,,,,,,,,,,,,,,,,,,,,,,,,,,,,,,,,,,,,,,,,,,,,,,,,,,,,,,,,,,,,,,,,,,,,,,,,,,,,,,,,,,,,,,,,,,,,,,,,,,,,,,,,,,,,,,,,,,,,,,,,,,,,,,,,,,,,,,,,,,,,,,,,,,,
19.12.2022;19.12.2022;18:00;21:00;RD-22-03475;Redispatch;20221219_RD-22-03475_RD2_13(1)-105;RD2.0-KW 13(1);I;PRD2 (DACF);50 Hertz/Amprion/Tennet DE/TransnetBW;AMP-TTG / 380kV / Doerpen West - Meppen - Niederlangen / Emsland O-W;50Hertz;50H_MNS_CR_MA_Sued;A1000219498;VNB-Fallback-Cluster;10YDE-VE-------2;;;;;;;;;;;;;;;;;;;;;;;;;;;;;;;;;;;;;;;;;;;;;;;;;;;;;;;;;;;;;;;;;;;;;;;;;E;E;E;E;E;E;E;E;E;E;E;E;;;;;;;;;;;;;;;;;E;nein;Senke;;Offen;;;;;;;;;;;;;;;;;;;;;;;;;;;;;;;;;;;;;;;;;;;;;;;;;;;;;;;;;;;;;;;;;;;;;;;;;;;;;;;;;;;;;;-100;-100;-100;-100;-100;-100;-100;-100;-100;-100;-100;-100;;;;;;;;;;;;;;;;;-300;;;;;;;;;;;;;;;;;;;;;;;;;;;;;;;;;;;;;;;;;;;;;;;;;;;;;;;;;;;;;;;;;;;;;;;;;0;0;0;0;0;0;0;0;0;0;0;0;;;;;;;;;;;;;;;;;0;0;0;;;;;;;;;;;;;;;;;;;;;;;;;;;;;;;;;;;;;;;;;;;;;;;;;;;;;;;;;;;;;;;;;;;;;;;;;0;0;0;0;0;0;0;0;0;0;0;0;;;;;;;;;;;;;;;;;0;0;;;;;;;;;;;;;;;;;;;;;;;;;;;;;;;;;;;;;;;;;;;;;;;;;;;;;;;;;;;;;;;;;;;;;;;;;0;0;0;0;0;0;0;0;0;0;0;0;;;;;;;;;;;;;;;;;0;;;;;;;;;;;;;;;;;;;;;;;;;;;;;;;;;;;;;;;;;;;;;;;;;;;;;;;;;;;;;;;;;;;;;;;;;0;0;0;0;0;0;0;0;0;0;0;0;;;;;;;;;;;;;;;;;0;;;;;;;;;;;;;;;;;;;;;;;,,,,,,,,,,,,,,,,,,,,,,,,,,,,,,,,,,,,,,,,,,,,,,,,,,,,,,,,,,,,,,,,,,,,,,,,,,,,,,,,,,,,,,,,,,,,,,,,,,,,,,,,,,,,,,,,,,,,,,,,,,,,,,,,,,,,,,,,,,,,,,,,,,,,,,,,,,,,,,,,,,,,,,,,,,,,,,,,,,,,,,,,
19.12.2022;19.12.2022;18:00;21:00;RD-22-03475;Redispatch;20221219_RD-22-03475_RD2_13(1)-106;RD2.0-KW 13(1);I;PRD2 (DACF);50 Hertz/Amprion/Tennet DE/TransnetBW;AMP-TTG / 380kV / Doerpen West - Meppen - Niederlangen / Emsland O-W;50Hertz;50H_MNS_CR_GRS;A1000220255;VNB-Fallback-Cluster;10YDE-VE-------2;;;;;;;;;;;;;;;;;;;;;;;;;;;;;;;;;;;;;;;;;;;;;;;;;;;;;;;;;;;;;;;;;;;;;;;;;E;E;E;E;E;E;E;E;E;E;E;E;;;;;;;;;;;;;;;;;E;nein;Senke;;Offen;;;;;;;;;;;;;;;;;;;;;;;;;;;;;;;;;;;;;;;;;;;;;;;;;;;;;;;;;;;;;;;;;;;;;;;;;;;;;;;;;;;;;;-60;-60;-60;-60;-60;-60;-60;-60;-60;-60;-60;-60;;;;;;;;;;;;;;;;;-180;;;;;;;;;;;;;;;;;;;;;;;;;;;;;;;;;;;;;;;;;;;;;;;;;;;;;;;;;;;;;;;;;;;;;;;;;0;0;0;0;0;0;0;0;0;0;0;0;;;;;;;;;;;;;;;;;0;0;0;;;;;;;;;;;;;;;;;;;;;;;;;;;;;;;;;;;;;;;;;;;;;;;;;;;;;;;;;;;;;;;;;;;;;;;;;0;0;0;0;0;0;0;0;0;0;0;0;;;;;;;;;;;;;;;;;0;0;;;;;;;;;;;;;;;;;;;;;;;;;;;;;;;;;;;;;;;;;;;;;;;;;;;;;;;;;;;;;;;;;;;;;;;;;0;0;0;0;0;0;0;0;0;0;0;0;;;;;;;;;;;;;;;;;0;;;;;;;;;;;;;;;;;;;;;;;;;;;;;;;;;;;;;;;;;;;;;;;;;;;;;;;;;;;;;;;;;;;;;;;;;0;0;0;0;0;0;0;0;0;0;0;0;;;;;;;;;;;;;;;;;0;;;;;;;;;;;;;;;;;;;;;;;,,,,,,,,,,,,,,,,,,,,,,,,,,,,,,,,,,,,,,,,,,,,,,,,,,,,,,,,,,,,,,,,,,,,,,,,,,,,,,,,,,,,,,,,,,,,,,,,,,,,,,,,,,,,,,,,,,,,,,,,,,,,,,,,,,,,,,,,,,,,,,,,,,,,,,,,,,,,,,,,,,,,,,,,,,,,,,,,,,,,,,,,
19.12.2022;19.12.2022;18:00;21:00;RD-22-03475;Redispatch;20221219_RD-22-03475_RD2_13(1)-107;RD2.0-KW 13(1);I;PRD2 (DACF);50 Hertz/Amprion/Tennet DE/TransnetBW;AMP-TTG / 380kV / Doerpen West - Meppen - Niederlangen / Emsland O-W;50Hertz;50H_MNS_CR_ADB;A1000212864;VNB-Fallback-Cluster;10YDE-VE-------2;;;;;;;;;;;;;;;;;;;;;;;;;;;;;;;;;;;;;;;;;;;;;;;;;;;;;;;;;;;;;;;;;;;;;;;;;E;E;E;E;E;E;E;E;E;E;E;E;;;;;;;;;;;;;;;;;E;nein;Senke;;Offen;;;;;;;;;;;;;;;;;;;;;;;;;;;;;;;;;;;;;;;;;;;;;;;;;;;;;;;;;;;;;;;;;;;;;;;;;;;;;;;;;;;;;;-53;-53;-53;-53;-86;-86;-86;-86;-86;-86;-86;-86;;;;;;;;;;;;;;;;;-225;;;;;;;;;;;;;;;;;;;;;;;;;;;;;;;;;;;;;;;;;;;;;;;;;;;;;;;;;;;;;;;;;;;;;;;;;0;0;0;0;0;0;0;0;0;0;0;0;;;;;;;;;;;;;;;;;0;0;0;;;;;;;;;;;;;;;;;;;;;;;;;;;;;;;;;;;;;;;;;;;;;;;;;;;;;;;;;;;;;;;;;;;;;;;;;0;0;0;0;0;0;0;0;0;0;0;0;;;;;;;;;;;;;;;;;0;0;;;;;;;;;;;;;;;;;;;;;;;;;;;;;;;;;;;;;;;;;;;;;;;;;;;;;;;;;;;;;;;;;;;;;;;;;0;0;0;0;0;0;0;0;0;0;0;0;;;;;;;;;;;;;;;;;0;;;;;;;;;;;;;;;;;;;;;;;;;;;;;;;;;;;;;;;;;;;;;;;;;;;;;;;;;;;;;;;;;;;;;;;;;0;0;0;0;0;0;0;0;0;0;0;0;;;;;;;;;;;;;;;;;0;;;;;;;;;;;;;;;;;;;;;;;,,,,,,,,,,,,,,,,,,,,,,,,,,,,,,,,,,,,,,,,,,,,,,,,,,,,,,,,,,,,,,,,,,,,,,,,,,,,,,,,,,,,,,,,,,,,,,,,,,,,,,,,,,,,,,,,,,,,,,,,,,,,,,,,,,,,,,,,,,,,,,,,,,,,,,,,,,,,,,,,,,,,,,,,,,,,,,,,,,,,,,,,
20.12.2022;20.12.2022;3:00;15:00;RD-22-03488;Redispatch;20221220_RD-22-03488_RD2_13(1)-083;RD2.0-KW 13(1);I;PRD2 (DACF);50 Hertz/Amprion/Tennet DE/TransnetBW;AMP-TTG / 380kV / Doerpen West - Hanekenfaehr / Emsland West-Blau;50Hertz;50H_MNS_CR_KLM;A1000219018;VNB-Fallback-Cluster;10YDE-VE-------2;;;;;;;;;;;;;E;E;E;E;E;E;E;E;E;E;E;E;E;E;E;E;E;E;E;E;E;E;E;E;E;E;E;E;E;E;E;E;E;E;E;E;E;E;E;E;E;E;E;E;E;E;E;E;;;;;;;;;;;;;;;;;;;;;;;;;;;;;;;;;;;;;;;;;E;nein;Senke;;Offen;;;;;;;;;;;;;;;;;;;;;;;;;;-214;-187;-194;-246;-78;-50;-22;-10;-105;-134;0;0;0;0;0;0;0;0;0;0;0;0;0;0;0;0;0;0;0;0;0;0;0;0;0;0;0;0;0;0;-69;-69;-69;-119;0;0;0;-6;;;;;;;;;;;;;;;;;;;;;;;;;;;;;;;;;;;;;;;;;-393;;;;;;;;;;;;;0;0;0;0;0;0;0;0;0;0;0;0;0;0;0;0;0;0;0;0;0;0;0;0;0;0;0;0;0;0;0;0;0;0;0;0;0;0;0;0;0;0;0;0;0;0;0;0;;;;;;;;;;;;;;;;;;;;;;;;;;;;;;;;;;;;;;;;;0;0;0;;;;;;;;;;;;;0;0;0;0;0;0;0;0;0;0;0;0;0;0;0;0;0;0;0;0;0;0;0;0;0;0;0;0;0;0;0;0;0;0;0;0;0;0;0;0;0;0;0;0;0;0;0;0;;;;;;;;;;;;;;;;;;;;;;;;;;;;;;;;;;;;;;;;;0;0;;;;;;;;;;;;;0;0;0;0;0;0;0;0;0;0;0;0;0;0;0;0;0;0;0;0;0;0;0;0;0;0;0;0;0;0;0;0;0;0;0;0;0;0;0;0;0;0;0;0;0;0;0;0;;;;;;;;;;;;;;;;;;;;;;;;;;;;;;;;;;;;;;;;;0;;;;;;;;;;;;;0;0;0;0;0;0;0;0;0;0;0;0;0;0;0;0;0;0;0;0;0;0;0;0;0;0;0;0;0;0;0;0;0;0;0;0;0;0;0;0;0;0;0;0;0;0;0;0;;;;;;;;;;;;;;;;;;;;;;;;;;;;;;;;;;;;;;;;;0;;;;;;;;;;;;;;;;;;;;;;;,,,,,,,,,,,,,,,,,,,,,,,,,,,,,,,,,,,,,,,,,,,,,,,,,,,,,,,,,,,,,,,,,,,,,,,,,,,,,,,,,,,,,,,,,,,,,,,,,,,,,,,,,,,,,,,,,,,,,,,,,,,,,,,,,,,,,,,,,,,,,,,,,,,,,,,,,,,,,,,,,,,,,,,,,,,,,,,,,,,,,,,,
20.12.2022;20.12.2022;5:00;15:00;RD-22-03488;Redispatch;20221220_RD-22-03488_RD2_13(1)-090;RD2.0-KW 13(1);I;PRD2 (DACF);50 Hertz/Amprion/Tennet DE/TransnetBW;AMP-TTG / 380kV / Doerpen West - Hanekenfaehr / Emsland West-Blau;50Hertz;50H_MNS_CR_LAU_Sued;A1000211767;VNB-Fallback-Cluster;10YDE-VE-------2;;;;;;;;;;;;;;;;;;;;;E;E;E;E;E;E;E;E;E;E;E;E;E;E;E;E;E;E;E;E;E;E;E;E;E;E;E;E;E;E;E;E;E;E;E;E;E;E;E;E;;;;;;;;;;;;;;;;;;;;;;;;;;;;;;;;;;;;;;;;;E;nein;Senke;;Offen;;;;;;;;;;;;;;;;;;;;;;;;;;;;;;;;;;0;0;0;0;0;0;0;0;0;0;0;0;0;0;0;0;0;0;0;0;0;0;0;0;0;0;0;0;0;0;0;0;0;0;0;0;0;0;0;-19;;;;;;;;;;;;;;;;;;;;;;;;;;;;;;;;;;;;;;;;;-4,75;;;;;;;;;;;;;;;;;;;;;0;0;0;0;0;0;0;0;0;0;0;0;0;0;0;0;0;0;0;0;0;0;0;0;0;0;0;0;0;0;0;0;0;0;0;0;0;0;0;0;;;;;;;;;;;;;;;;;;;;;;;;;;;;;;;;;;;;;;;;;0;0;0;;;;;;;;;;;;;;;;;;;;;0;0;0;0;0;0;0;0;0;0;0;0;0;0;0;0;0;0;0;0;0;0;0;0;0;0;0;0;0;0;0;0;0;0;0;0;0;0;0;0;;;;;;;;;;;;;;;;;;;;;;;;;;;;;;;;;;;;;;;;;0;0;;;;;;;;;;;;;;;;;;;;;0;0;0;0;0;0;0;0;0;0;0;0;0;0;0;0;0;0;0;0;0;0;0;0;0;0;0;0;0;0;0;0;0;0;0;0;0;0;0;0;;;;;;;;;;;;;;;;;;;;;;;;;;;;;;;;;;;;;;;;;0;;;;;;;;;;;;;;;;;;;;;0;0;0;0;0;0;0;0;0;0;0;0;0;0;0;0;0;0;0;0;0;0;0;0;0;0;0;0;0;0;0;0;0;0;0;0;0;0;0;0;;;;;;;;;;;;;;;;;;;;;;;;;;;;;;;;;;;;;;;;;0;;;;;;;;;;;;;;;;;;;;;;;,,,,,,,,,,,,,,,,,,,,,,,,,,,,,,,,,,,,,,,,,,,,,,,,,,,,,,,,,,,,,,,,,,,,,,,,,,,,,,,,,,,,,,,,,,,,,,,,,,,,,,,,,,,,,,,,,,,,,,,,,,,,,,,,,,,,,,,,,,,,,,,,,,,,,,,,,,,,,,,,,,,,,,,,,,,,,,,,,,,,,,,
20.12.2022;20.12.2022;7:00;21:00;RD-22-03491;Redispatch;20221220_RD-22-03491_RD2_13(1)-007;RD2.0-KW 13(1);I;Intraday;Amprion/Tennet DE;AMP-TTG / 380kV / Dettingen - Grosskrotzenburg / Untermain Sued-1, TTG / 380kV / Dipperz - Mecklar / 2;50Hertz;50H_TEN_CR_M2_VIB;A1013602862;VNB-Fallback-Cluster;10YDE-VE-------2;;;;;;;;;;;;;;;;;;;;;;;;;;;;;E;E;E;E;E;E;E;E;E;E;E;E;E;E;E;E;E;E;E;E;E;E;E;E;E;E;E;E;E;E;E;E;E;E;E;E;E;E;E;E;E;E;E;E;E;E;E;E;E;E;E;E;E;E;E;E;;;;;;;;;;;;;;;;;E;nein;Senke;;Offen;;;;;;;;;;;;;;;;;;;;;;;;;;;;;;;;;;;;;;;;;;-200;-200;-200;-200;-200;-200;-200;-200;-200;-200;-200;-200;-200;-200;-200;-200;-200;-200;-200;-200;-200;-200;-200;-200;-200;-200;-200;-200;-200;-200;-200;-200;-200;-200;-200;-200;-200;-200;-200;-200;-200;-200;-200;-200;-200;-200;-200;-200;-200;-200;-200;-200;-200;-200;-200;-200;;;;;;;;;;;;;;;;;-2800;;;;;;;;;;;;;;;;;;;;;;;;;;;;;0;0;0;0;0;0;0;0;0;0;0;0;0;0;0;0;0;0;0;0;0;0;0;0;0;0;0;0;0;0;0;0;0;0;0;0;0;0;0;0;0;0;0;0;0;0;0;0;0;0;0;0;0;0;0;0;;;;;;;;;;;;;;;;;0;0;0;;;;;;;;;;;;;;;;;;;;;;;;;;;;;0;0;0;0;0;0;0;0;0;0;0;0;0;0;0;0;0;0;0;0;0;0;0;0;0;0;0;0;0;0;0;0;0;0;0;0;0;0;0;0;0;0;0;0;0;0;0;0;0;0;0;0;0;0;0;0;;;;;;;;;;;;;;;;;0;0;;;;;;;;;;;;;;;;;;;;;;;;;;;;;0;0;0;0;0;0;0;0;0;0;0;0;0;0;0;0;0;0;0;0;0;0;0;0;0;0;0;0;0;0;0;0;0;0;0;0;0;0;0;0;0;0;0;0;0;0;0;0;0;0;0;0;0;0;0;0;;;;;;;;;;;;;;;;;0;;;;;;;;;;;;;;;;;;;;;;;;;;;;;0;0;0;0;0;0;0;0;0;0;0;0;0;0;0;0;0;0;0;0;0;0;0;0;0;0;0;0;0;0;0;0;0;0;0;0;0;0;0;0;0;0;0;0;0;0;0;0;0;0;0;0;0;0;0;0;;;;;;;;;;;;;;;;;0;;;;;;;;;;;;;;;;;;;;;;;,,,,,,,,,,,,,,,,,,,,,,,,,,,,,,,,,,,,,,,,,,,,,,,,,,,,,,,,,,,,,,,,,,,,,,,,,,,,,,,,,,,,,,,,,,,,,,,,,,,,,,,,,,,,,,,,,,,,,,,,,,,,,,,,,,,,,,,,,,,,,,,,,,,,,,,,,,,,,,,,,,,,,,,,,,,,,,,,,,,,,,,
20.12.2022;20.12.2022;7:00;21:00;RD-22-03491;Redispatch;20221220_RD-22-03491_RD2_13(1)-010;RD2.0-KW 13(1);I;Intraday;Amprion/Tennet DE;AMP-TTG / 380kV / Dettingen - Grosskrotzenburg / Untermain Sued-1, TTG / 380kV / Dipperz - Mecklar / 2;50Hertz;50H_MNS_CR_LAU_Nord;A1000211105;VNB-Fallback-Cluster;10YDE-VE-------2;;;;;;;;;;;;;;;;;;;;;;;;;;;;;E;E;E;E;E;E;E;E;E;E;E;E;E;E;E;E;E;E;E;E;E;E;E;E;E;E;E;E;E;E;E;E;E;E;E;E;E;E;E;E;E;E;E;E;E;E;E;E;E;E;E;E;E;E;E;E;;;;;;;;;;;;;;;;;E;nein;Senke;;Offen;;;;;;;;;;;;;;;;;;;;;;;;;;;;;;;;;;;;;;;;;;-49;-49;-49;-49;-250;-250;-250;-250;-250;-250;-250;-250;-250;-250;-250;-250;-250;-250;-250;-250;-250;-250;-250;-250;-200;-200;-200;-200;-200;-200;-200;-200;-200;-200;-200;-200;-200;-200;-200;-200;-200;-200;-200;-200;-200;-200;-200;-200;-200;-200;-200;-200;-200;-200;-200;-200;;;;;;;;;;;;;;;;;-2899;;;;;;;;;;;;;;;;;;;;;;;;;;;;;0;0;0;0;0;0;0;0;0;0;0;0;0;0;0;0;0;0;0;0;0;0;0;0;0;0;0;0;0;0;0;0;0;0;0;0;0;0;0;0;0;0;0;0;0;0;0;0;0;0;0;0;0;0;0;0;;;;;;;;;;;;;;;;;0;0;0;;;;;;;;;;;;;;;;;;;;;;;;;;;;;0;0;0;0;0;0;0;0;0;0;0;0;0;0;0;0;0;0;0;0;0;0;0;0;0;0;0;0;0;0;0;0;0;0;0;0;0;0;0;0;0;0;0;0;0;0;0;0;0;0;0;0;0;0;0;0;;;;;;;;;;;;;;;;;0;0;;;;;;;;;;;;;;;;;;;;;;;;;;;;;0;0;0;0;0;0;0;0;0;0;0;0;0;0;0;0;0;0;0;0;0;0;0;0;0;0;0;0;0;0;0;0;0;0;0;0;0;0;0;0;0;0;0;0;0;0;0;0;0;0;0;0;0;0;0;0;;;;;;;;;;;;;;;;;0;;;;;;;;;;;;;;;;;;;;;;;;;;;;;0;0;0;0;0;0;0;0;0;0;0;0;0;0;0;0;0;0;0;0;0;0;0;0;0;0;0;0;0;0;0;0;0;0;0;0;0;0;0;0;0;0;0;0;0;0;0;0;0;0;0;0;0;0;0;0;;;;;;;;;;;;;;;;;0;;;;;;;;;;;;;;;;;;;;;;;,,,,,,,,,,,,,,,,,,,,,,,,,,,,,,,,,,,,,,,,,,,,,,,,,,,,,,,,,,,,,,,,,,,,,,,,,,,,,,,,,,,,,,,,,,,,,,,,,,,,,,,,,,,,,,,,,,,,,,,,,,,,,,,,,,,,,,,,,,,,,,,,,,,,,,,,,,,,,,,,,,,,,,,,,,,,,,,,,,,,,,,
20.12.2022;20.12.2022;8:00;13:00;RD-22-03491;Redispatch;20221220_RD-22-03491_RD2_13(1)-011;RD2.0-KW 13(1);I;Intraday;Amprion/Tennet DE;AMP-TTG / 380kV / Dettingen - Grosskrotzenburg / Untermain Sued-1, TTG / 380kV / Dipperz - Mecklar / 2;50Hertz;50H_MNS_CR_LAU_Sued;A1000211767;VNB-Fallback-Cluster;10YDE-VE-------2;;;;;;;;;;;;;;;;;;;;;;;;;;;;;;;;;E;E;E;E;E;E;E;E;E;E;E;E;E;E;E;E;E;E;E;E;;;;;;;;;;;;;;;;;;;;;;;;;;;;;;;;;;;;;;;;;;;;;;;;;E;nein;Senke;;Offen;;;;;;;;;;;;;;;;;;;;;;;;;;;;;;;;;;;;;;;;;;;;;;-50;-50;-50;-50;-50;-50;-50;-50;-50;-50;-50;-50;-50;-50;-50;-50;-50;-50;-50;-50;;;;;;;;;;;;;;;;;;;;;;;;;;;;;;;;;;;;;;;;;;;;;;;;;-250;;;;;;;;;;;;;;;;;;;;;;;;;;;;;;;;;0;0;0;0;0;0;0;0;0;0;0;0;0;0;0;0;0;0;0;0;;;;;;;;;;;;;;;;;;;;;;;;;;;;;;;;;;;;;;;;;;;;;;;;;0;0;0;;;;;;;;;;;;;;;;;;;;;;;;;;;;;;;;;0;0;0;0;0;0;0;0;0;0;0;0;0;0;0;0;0;0;0;0;;;;;;;;;;;;;;;;;;;;;;;;;;;;;;;;;;;;;;;;;;;;;;;;;0;0;;;;;;;;;;;;;;;;;;;;;;;;;;;;;;;;;0;0;0;0;0;0;0;0;0;0;0;0;0;0;0;0;0;0;0;0;;;;;;;;;;;;;;;;;;;;;;;;;;;;;;;;;;;;;;;;;;;;;;;;;0;;;;;;;;;;;;;;;;;;;;;;;;;;;;;;;;;0;0;0;0;0;0;0;0;0;0;0;0;0;0;0;0;0;0;0;0;;;;;;;;;;;;;;;;;;;;;;;;;;;;;;;;;;;;;;;;;;;;;;;;;0;;;;;;;;;;;;;;;;;;;;;;;,,,,,,,,,,,,,,,,,,,,,,,,,,,,,,,,,,,,,,,,,,,,,,,,,,,,,,,,,,,,,,,,,,,,,,,,,,,,,,,,,,,,,,,,,,,,,,,,,,,,,,,,,,,,,,,,,,,,,,,,,,,,,,,,,,,,,,,,,,,,,,,,,,,,,,,,,,,,,,,,,,,,,,,,,,,,,,,,,,,,,,,
20.12.2022;20.12.2022;12:15;13:00;RD-22-03491;Redispatch;20221220_RD-22-03491_13(1)_CL-016;Sub-TM (Akt. AO-Cluster);I;Intraday;Amprion/Tennet DE;AMP-TTG / 380kV / Dettingen - Grosskrotzenburg / Untermain Sued-1, TTG / 380kV / Dipperz - Mecklar / 2;50Hertz;50H WP_DANNA_ERZ;11W0-0000-0282-C;Windpark (Sub-AO);10YDE-VE-------2;;;;;;;;;;;;;;;;;;;;;;;;;;;;;;;;;;;;;;;;;;;;;;;;;;E;E;E;;;;;;;;;;;;;;;;;;;;;;;;;;;;;;;;;;;;;;;;;;;;;;;;;E;nein;Senke;;Offen;;;;;;;;;;;;;;;;;;;;;;;;;;;;;;;;;;;;;;;;;;;;;;;;;;;;;;;;;;;;;;;-3;-4;-4;;;;;;;;;;;;;;;;;;;;;;;;;;;;;;;;;;;;;;;;;;;;;;;;;-2,75;;;;;;;;;;;;;;;;;;;;;;;;;;;;;;;;;;;;;;;;;;;;;;;;;;0;0;0;;;;;;;;;;;;;;;;;;;;;;;;;;;;;;;;;;;;;;;;;;;;;;;;;0;0;0;;;;;;;;;;;;;;;;;;;;;;;;;;;;;;;;;;;;;;;;;;;;;;;;;;0;0;0;;;;;;;;;;;;;;;;;;;;;;;;;;;;;;;;;;;;;;;;;;;;;;;;;0;0;;;;;;;;;;;;;;;;;;;;;;;;;;;;;;;;;;;;;;;;;;;;;;;;;;0;0;0;;;;;;;;;;;;;;;;;;;;;;;;;;;;;;;;;;;;;;;;;;;;;;;;;0;;;;;;;;;;;;;;;;;;;;;;;;;;;;;;;;;;;;;;;;;;;;;;;;;;0;0;0;;;;;;;;;;;;;;;;;;;;;;;;;;;;;;;;;;;;;;;;;;;;;;;;;0;;;;;;;;;;;;;;;;;;;;;;;,,,,,,,,,,,,,,,,,,,,,,,,,,,,,,,,,,,,,,,,,,,,,,,,,,,,,,,,,,,,,,,,,,,,,,,,,,,,,,,,,,,,,,,,,,,,,,,,,,,,,,,,,,,,,,,,,,,,,,,,,,,,,,,,,,,,,,,,,,,,,,,,,,,,,,,,,,,,,,,,,,,,,,,,,,,,,,,,,,,,,,
20.12.2022;20.12.2022;12:15;13:00;RD-22-03491;Redispatch;20221220_RD-22-03491_13(1)_CL-017;Sub-TM (Akt. AO-Cluster);I;Intraday;Amprion/Tennet DE;AMP-TTG / 380kV / Dettingen - Grosskrotzenburg / Untermain Sued-1, TTG / 380kV / Dipperz - Mecklar / 2;50Hertz;50H WP_HEIDEHOF;11W0-0000-0283-9;Windpark (Sub-AO);10YDE-VE-------2;;;;;;;;;;;;;;;;;;;;;;;;;;;;;;;;;;;;;;;;;;;;;;;;;;E;E;E;;;;;;;;;;;;;;;;;;;;;;;;;;;;;;;;;;;;;;;;;;;;;;;;;E;nein;Senke;;Offen;;;;;;;;;;;;;;;;;;;;;;;;;;;;;;;;;;;;;;;;;;;;;;;;;;;;;;;;;;;;;;;-2;-1;-1;;;;;;;;;;;;;;;;;;;;;;;;;;;;;;;;;;;;;;;;;;;;;;;;;-1;;;;;;;;;;;;;;;;;;;;;;;;;;;;;;;;;;;;;;;;;;;;;;;;;;0;0;0;;;;;;;;;;;;;;;;;;;;;;;;;;;;;;;;;;;;;;;;;;;;;;;;;0;0;0;;;;;;;;;;;;;;;;;;;;;;;;;;;;;;;;;;;;;;;;;;;;;;;;;;0;0;0;;;;;;;;;;;;;;;;;;;;;;;;;;;;;;;;;;;;;;;;;;;;;;;;;0;0;;;;;;;;;;;;;;;;;;;;;;;;;;;;;;;;;;;;;;;;;;;;;;;;;;0;0;0;;;;;;;;;;;;;;;;;;;;;;;;;;;;;;;;;;;;;;;;;;;;;;;;;0;;;;;;;;;;;;;;;;;;;;;;;;;;;;;;;;;;;;;;;;;;;;;;;;;;0;0;0;;;;;;;;;;;;;;;;;;;;;;;;;;;;;;;;;;;;;;;;;;;;;;;;;0;;;;;;;;;;;;;;;;;;;;;;;,,,,,,,,,,,,,,,,,,,,,,,,,,,,,,,,,,,,,,,,,,,,,,,,,,,,,,,,,,,,,,,,,,,,,,,,,,,,,,,,,,,,,,,,,,,,,,,,,,,,,,,,,,,,,,,,,,,,,,,,,,,,,,,,,,,,,,,,,,,,,,,,,,,,,,,,,,,,,,,,,,,,,,,,,,,,,,,,,,,,,,,
20.12.2022;20.12.2022;12:15;13:00;RD-22-03491;Redispatch;20221220_RD-22-03491_13(1)_CL-018;Sub-TM (Akt. AO-Cluster);I;Intraday;Amprion/Tennet DE;AMP-TTG / 380kV / Dettingen - Grosskrotzenburg / Untermain Sued-1, TTG / 380kV / Dipperz - Mecklar / 2;50Hertz;50H WP_SW_STOLZENHAIN_III;11W0-0000-0321-Y;Windpark (Sub-AO);10YDE-VE-------2;;;;;;;;;;;;;;;;;;;;;;;;;;;;;;;;;;;;;;;;;;;;;;;;;;E;E;E;;;;;;;;;;;;;;;;;;;;;;;;;;;;;;;;;;;;;;;;;;;;;;;;;E;nein;Senke;;Offen;;;;;;;;;;;;;;;;;;;;;;;;;;;;;;;;;;;;;;;;;;;;;;;;;;;;;;;;;;;;;;;-1;-1;-1;;;;;;;;;;;;;;;;;;;;;;;;;;;;;;;;;;;;;;;;;;;;;;;;;-0,75;;;;;;;;;;;;;;;;;;;;;;;;;;;;;;;;;;;;;;;;;;;;;;;;;;0;0;0;;;;;;;;;;;;;;;;;;;;;;;;;;;;;;;;;;;;;;;;;;;;;;;;;0;0;0;;;;;;;;;;;;;;;;;;;;;;;;;;;;;;;;;;;;;;;;;;;;;;;;;;0;0;0;;;;;;;;;;;;;;;;;;;;;;;;;;;;;;;;;;;;;;;;;;;;;;;;;0;0;;;;;;;;;;;;;;;;;;;;;;;;;;;;;;;;;;;;;;;;;;;;;;;;;;0;0;0;;;;;;;;;;;;;;;;;;;;;;;;;;;;;;;;;;;;;;;;;;;;;;;;;0;;;;;;;;;;;;;;;;;;;;;;;;;;;;;;;;;;;;;;;;;;;;;;;;;;0;0;0;;;;;;;;;;;;;;;;;;;;;;;;;;;;;;;;;;;;;;;;;;;;;;;;;0;;;;;;;;;;;;;;;;;;;;;;;,,,,,,,,,,,,,,,,,,,,,,,,,,,,,,,,,,,,,,,,,,,,,,,,,,,,,,,,,,,,,,,,,,,,,,,,,,,,,,,,,,,,,,,,,,,,,,,,,,,,,,,,,,,,,,,,,,,,,,,,,,,,,,,,,,,,,,,,,,,,,,,,,,,,,,,,,,,,,,,,,,,,,,,,,,,,,,,,,,,,,,
20.12.2022;20.12.2022;12:15;13:00;RD-22-03491;Redispatch;20221220_RD-22-03491_13(1)_CL-019;Sub-TM (Akt. AO-Cluster);I;Intraday;Amprion/Tennet DE;AMP-TTG / 380kV / Dettingen - Grosskrotzenburg / Untermain Sued-1, TTG / 380kV / Dipperz - Mecklar / 2;50Hertz;50H WP_WERBIG;11W0-0000-0362-F;Windpark (Sub-AO);10YDE-VE-------2;;;;;;;;;;;;;;;;;;;;;;;;;;;;;;;;;;;;;;;;;;;;;;;;;;E;E;E;;;;;;;;;;;;;;;;;;;;;;;;;;;;;;;;;;;;;;;;;;;;;;;;;E;nein;Senke;;Offen;;;;;;;;;;;;;;;;;;;;;;;;;;;;;;;;;;;;;;;;;;;;;;;;;;;;;;;;;;;;;;;-2;-2;-2;;;;;;;;;;;;;;;;;;;;;;;;;;;;;;;;;;;;;;;;;;;;;;;;;-1,5;;;;;;;;;;;;;;;;;;;;;;;;;;;;;;;;;;;;;;;;;;;;;;;;;;0;0;0;;;;;;;;;;;;;;;;;;;;;;;;;;;;;;;;;;;;;;;;;;;;;;;;;0;0;0;;;;;;;;;;;;;;;;;;;;;;;;;;;;;;;;;;;;;;;;;;;;;;;;;;0;0;0;;;;;;;;;;;;;;;;;;;;;;;;;;;;;;;;;;;;;;;;;;;;;;;;;0;0;;;;;;;;;;;;;;;;;;;;;;;;;;;;;;;;;;;;;;;;;;;;;;;;;;0;0;0;;;;;;;;;;;;;;;;;;;;;;;;;;;;;;;;;;;;;;;;;;;;;;;;;0;;;;;;;;;;;;;;;;;;;;;;;;;;;;;;;;;;;;;;;;;;;;;;;;;;0;0;0;;;;;;;;;;;;;;;;;;;;;;;;;;;;;;;;;;;;;;;;;;;;;;;;;0;;;;;;;;;;;;;;;;;;;;;;;,,,,,,,,,,,,,,,,,,,,,,,,,,,,,,,,,,,,,,,,,,,,,,,,,,,,,,,,,,,,,,,,,,,,,,,,,,,,,,,,,,,,,,,,,,,,,,,,,,,,,,,,,,,,,,,,,,,,,,,,,,,,,,,,,,,,,,,,,,,,,,,,,,,,,,,,,,,,,,,,,,,,,,,,,,,,,,,,,,,,,,
20.12.2022;20.12.2022;12:15;13:00;RD-22-03491;Redispatch;20221220_RD-22-03491_13(1)_CL-020;Sub-TM (Akt. AO-Cluster);I;Intraday;Amprion/Tennet DE;AMP-TTG / 380kV / Dettingen - Grosskrotzenburg / Untermain Sued-1, TTG / 380kV / Dipperz - Mecklar / 2;50Hertz;50H WP_STOLZENHAIN;11W0-0000-0361-I;Windpark (Sub-AO);10YDE-VE-------2;;;;;;;;;;;;;;;;;;;;;;;;;;;;;;;;;;;;;;;;;;;;;;;;;;E;E;E;;;;;;;;;;;;;;;;;;;;;;;;;;;;;;;;;;;;;;;;;;;;;;;;;E;nein;Senke;;Offen;;;;;;;;;;;;;;;;;;;;;;;;;;;;;;;;;;;;;;;;;;;;;;;;;;;;;;;;;;;;;;;0;0;0;;;;;;;;;;;;;;;;;;;;;;;;;;;;;;;;;;;;;;;;;;;;;;;;;0;;;;;;;;;;;;;;;;;;;;;;;;;;;;;;;;;;;;;;;;;;;;;;;;;;0;0;0;;;;;;;;;;;;;;;;;;;;;;;;;;;;;;;;;;;;;;;;;;;;;;;;;0;0;0;;;;;;;;;;;;;;;;;;;;;;;;;;;;;;;;;;;;;;;;;;;;;;;;;;0;0;0;;;;;;;;;;;;;;;;;;;;;;;;;;;;;;;;;;;;;;;;;;;;;;;;;0;0;;;;;;;;;;;;;;;;;;;;;;;;;;;;;;;;;;;;;;;;;;;;;;;;;;0;0;0;;;;;;;;;;;;;;;;;;;;;;;;;;;;;;;;;;;;;;;;;;;;;;;;;0;;;;;;;;;;;;;;;;;;;;;;;;;;;;;;;;;;;;;;;;;;;;;;;;;;0;0;0;;;;;;;;;;;;;;;;;;;;;;;;;;;;;;;;;;;;;;;;;;;;;;;;;0;;;;;;;;;;;;;;;;;;;;;;;,,,,,,,,,,,,,,,,,,,,,,,,,,,,,,,,,,,,,,,,,,,,,,,,,,,,,,,,,,,,,,,,,,,,,,,,,,,,,,,,,,,,,,,,,,,,,,,,,,,,,,,,,,,,,,,,,,,,,,,,,,,,,,,,,,,,,,,,,,,,,,,,,,,,,,,,,,,,,,,,,,,,,,,,,,,,,,,,,,,,,,,
20.12.2022;20.12.2022;12:15;13:00;RD-22-03491;Redispatch;20221220_RD-22-03491_13(1)_CL-021;Sub-TM (Akt. AO-Cluster);I;Intraday;Amprion/Tennet DE;AMP-TTG / 380kV / Dettingen - Grosskrotzenburg / Untermain Sued-1, TTG / 380kV / Dipperz - Mecklar / 2;50Hertz;50H WP_FELDHEIM_VIII;11W0-0000-0312-Z;Windpark (Sub-AO);10YDE-VE-------2;;;;;;;;;;;;;;;;;;;;;;;;;;;;;;;;;;;;;;;;;;;;;;;;;;E;E;E;;;;;;;;;;;;;;;;;;;;;;;;;;;;;;;;;;;;;;;;;;;;;;;;;E;nein;Senke;;Offen;;;;;;;;;;;;;;;;;;;;;;;;;;;;;;;;;;;;;;;;;;;;;;;;;;;;;;;;;;;;;;;-1;-1;-1;;;;;;;;;;;;;;;;;;;;;;;;;;;;;;;;;;;;;;;;;;;;;;;;;-0,75;;;;;;;;;;;;;;;;;;;;;;;;;;;;;;;;;;;;;;;;;;;;;;;;;;0;0;0;;;;;;;;;;;;;;;;;;;;;;;;;;;;;;;;;;;;;;;;;;;;;;;;;0;0;0;;;;;;;;;;;;;;;;;;;;;;;;;;;;;;;;;;;;;;;;;;;;;;;;;;0;0;0;;;;;;;;;;;;;;;;;;;;;;;;;;;;;;;;;;;;;;;;;;;;;;;;;0;0;;;;;;;;;;;;;;;;;;;;;;;;;;;;;;;;;;;;;;;;;;;;;;;;;;0;0;0;;;;;;;;;;;;;;;;;;;;;;;;;;;;;;;;;;;;;;;;;;;;;;;;;0;;;;;;;;;;;;;;;;;;;;;;;;;;;;;;;;;;;;;;;;;;;;;;;;;;0;0;0;;;;;;;;;;;;;;;;;;;;;;;;;;;;;;;;;;;;;;;;;;;;;;;;;0;;;;;;;;;;;;;;;;;;;;;;;,,,,,,,,,,,,,,,,,,,,,,,,,,,,,,,,,,,,,,,,,,,,,,,,,,,,,,,,,,,,,,,,,,,,,,,,,,,,,,,,,,,,,,,,,,,,,,,,,,,,,,,,,,,,,,,,,,,,,,,,,,,,,,,,,,,,,,,,,,,,,,,,,,,,,,,,,,,,,,,,,,,,,,,,,,,,,,,,,,,,,,
20.12.2022;20.12.2022;12:15;13:00;RD-22-03491;Redispatch;20221220_RD-22-03491_13(1)_CL-022;Sub-TM (Akt. AO-Cluster);I;Intraday;Amprion/Tennet DE;AMP-TTG / 380kV / Dettingen - Grosskrotzenburg / Untermain Sued-1, TTG / 380kV / Dipperz - Mecklar / 2;50Hertz;50H WP_FELDHEIM_WERGZAHNA;11W0-0000-0307-O;Windpark (Sub-AO);10YDE-VE-------2;;;;;;;;;;;;;;;;;;;;;;;;;;;;;;;;;;;;;;;;;;;;;;;;;;E;E;E;;;;;;;;;;;;;;;;;;;;;;;;;;;;;;;;;;;;;;;;;;;;;;;;;E;nein;Senke;;Offen;;;;;;;;;;;;;;;;;;;;;;;;;;;;;;;;;;;;;;;;;;;;;;;;;;;;;;;;;;;;;;;0;0;0;;;;;;;;;;;;;;;;;;;;;;;;;;;;;;;;;;;;;;;;;;;;;;;;;0;;;;;;;;;;;;;;;;;;;;;;;;;;;;;;;;;;;;;;;;;;;;;;;;;;0;0;0;;;;;;;;;;;;;;;;;;;;;;;;;;;;;;;;;;;;;;;;;;;;;;;;;0;0;0;;;;;;;;;;;;;;;;;;;;;;;;;;;;;;;;;;;;;;;;;;;;;;;;;;0;0;0;;;;;;;;;;;;;;;;;;;;;;;;;;;;;;;;;;;;;;;;;;;;;;;;;0;0;;;;;;;;;;;;;;;;;;;;;;;;;;;;;;;;;;;;;;;;;;;;;;;;;;0;0;0;;;;;;;;;;;;;;;;;;;;;;;;;;;;;;;;;;;;;;;;;;;;;;;;;0;;;;;;;;;;;;;;;;;;;;;;;;;;;;;;;;;;;;;;;;;;;;;;;;;;0;0;0;;;;;;;;;;;;;;;;;;;;;;;;;;;;;;;;;;;;;;;;;;;;;;;;;0;;;;;;;;;;;;;;;;;;;;;;;,,,,,,,,,,,,,,,,,,,,,,,,,,,,,,,,,,,,,,,,,,,,,,,,,,,,,,,,,,,,,,,,,,,,,,,,,,,,,,,,,,,,,,,,,,,,,,,,,,,,,,,,,,,,,,,,,,,,,,,,,,,,,,,,,,,,,,,,,,,,,,,,,,,,,,,,,,,,,,,,,,,,,,,,,,,,,,,,,,,,,,,
20.12.2022;20.12.2022;12:15;13:00;RD-22-03491;Redispatch;20221220_RD-22-03491_13(1)_CL-023;Sub-TM (Akt. AO-Cluster);I;Intraday;Amprion/Tennet DE;AMP-TTG / 380kV / Dettingen - Grosskrotzenburg / Untermain Sued-1, TTG / 380kV / Dipperz - Mecklar / 2;50Hertz;50H WP_SCHOENEFELD;11W0-0000-0252-O;Windpark (Sub-AO);10YDE-VE-------2;;;;;;;;;;;;;;;;;;;;;;;;;;;;;;;;;;;;;;;;;;;;;;;;;;E;E;E;;;;;;;;;;;;;;;;;;;;;;;;;;;;;;;;;;;;;;;;;;;;;;;;;E;nein;Senke;;Offen;;;;;;;;;;;;;;;;;;;;;;;;;;;;;;;;;;;;;;;;;;;;;;;;;;;;;;;;;;;;;;;-1;-1;-1;;;;;;;;;;;;;;;;;;;;;;;;;;;;;;;;;;;;;;;;;;;;;;;;;-0,75;;;;;;;;;;;;;;;;;;;;;;;;;;;;;;;;;;;;;;;;;;;;;;;;;;0;0;0;;;;;;;;;;;;;;;;;;;;;;;;;;;;;;;;;;;;;;;;;;;;;;;;;0;0;0;;;;;;;;;;;;;;;;;;;;;;;;;;;;;;;;;;;;;;;;;;;;;;;;;;0;0;0;;;;;;;;;;;;;;;;;;;;;;;;;;;;;;;;;;;;;;;;;;;;;;;;;0;0;;;;;;;;;;;;;;;;;;;;;;;;;;;;;;;;;;;;;;;;;;;;;;;;;;0;0;0;;;;;;;;;;;;;;;;;;;;;;;;;;;;;;;;;;;;;;;;;;;;;;;;;0;;;;;;;;;;;;;;;;;;;;;;;;;;;;;;;;;;;;;;;;;;;;;;;;;;0;0;0;;;;;;;;;;;;;;;;;;;;;;;;;;;;;;;;;;;;;;;;;;;;;;;;;0;;;;;;;;;;;;;;;;;;;;;;;,,,,,,,,,,,,,,,,,,,,,,,,,,,,,,,,,,,,,,,,,,,,,,,,,,,,,,,,,,,,,,,,,,,,,,,,,,,,,,,,,,,,,,,,,,,,,,,,,,,,,,,,,,,,,,,,,,,,,,,,,,,,,,,,,,,,,,,,,,,,,,,,,,,,,,,,,,,,,,,,,,,,,,,,,,,,,,,,,,,,,,
20.12.2022;20.12.2022;12:15;13:00;RD-22-03491;Redispatch;20221220_RD-22-03491_13(1)_CL-024;Sub-TM (Akt. AO-Cluster);I;Intraday;Amprion/Tennet DE;AMP-TTG / 380kV / Dettingen - Grosskrotzenburg / Untermain Sued-1, TTG / 380kV / Dipperz - Mecklar / 2;50Hertz;50H WP_FELDHEIM_VII;11W0-0000-0311-1;Windpark (Sub-AO);10YDE-VE-------2;;;;;;;;;;;;;;;;;;;;;;;;;;;;;;;;;;;;;;;;;;;;;;;;;;E;E;E;;;;;;;;;;;;;;;;;;;;;;;;;;;;;;;;;;;;;;;;;;;;;;;;;E;nein;Senke;;Offen;;;;;;;;;;;;;;;;;;;;;;;;;;;;;;;;;;;;;;;;;;;;;;;;;;;;;;;;;;;;;;;-1;-1;-1;;;;;;;;;;;;;;;;;;;;;;;;;;;;;;;;;;;;;;;;;;;;;;;;;-0,75;;;;;;;;;;;;;;;;;;;;;;;;;;;;;;;;;;;;;;;;;;;;;;;;;;0;0;0;;;;;;;;;;;;;;;;;;;;;;;;;;;;;;;;;;;;;;;;;;;;;;;;;0;0;0;;;;;;;;;;;;;;;;;;;;;;;;;;;;;;;;;;;;;;;;;;;;;;;;;;0;0;0;;;;;;;;;;;;;;;;;;;;;;;;;;;;;;;;;;;;;;;;;;;;;;;;;0;0;;;;;;;;;;;;;;;;;;;;;;;;;;;;;;;;;;;;;;;;;;;;;;;;;;0;0;0;;;;;;;;;;;;;;;;;;;;;;;;;;;;;;;;;;;;;;;;;;;;;;;;;0;;;;;;;;;;;;;;;;;;;;;;;;;;;;;;;;;;;;;;;;;;;;;;;;;;0;0;0;;;;;;;;;;;;;;;;;;;;;;;;;;;;;;;;;;;;;;;;;;;;;;;;;0;;;;;;;;;;;;;;;;;;;;;;;,,,,,,,,,,,,,,,,,,,,,,,,,,,,,,,,,,,,,,,,,,,,,,,,,,,,,,,,,,,,,,,,,,,,,,,,,,,,,,,,,,,,,,,,,,,,,,,,,,,,,,,,,,,,,,,,,,,,,,,,,,,,,,,,,,,,,,,,,,,,,,,,,,,,,,,,,,,,,,,,,,,,,,,,,,,,,,,,,,,,,,
20.12.2022;20.12.2022;12:15;13:00;RD-22-03491;Redispatch;20221220_RD-22-03491_13(1)_CL-025;Sub-TM (Akt. AO-Cluster);I;Intraday;Amprion/Tennet DE;AMP-TTG / 380kV / Dettingen - Grosskrotzenburg / Untermain Sued-1, TTG / 380kV / Dipperz - Mecklar / 2;50Hertz;50H WP_JAENICKENDORFERHEIDE_HEIDEHOF;11W0-0000-0304-X;Windpark (Sub-AO);10YDE-VE-------2;;;;;;;;;;;;;;;;;;;;;;;;;;;;;;;;;;;;;;;;;;;;;;;;;;E;E;E;;;;;;;;;;;;;;;;;;;;;;;;;;;;;;;;;;;;;;;;;;;;;;;;;E;nein;Senke;;Offen;;;;;;;;;;;;;;;;;;;;;;;;;;;;;;;;;;;;;;;;;;;;;;;;;;;;;;;;;;;;;;;-7;-6;-6;;;;;;;;;;;;;;;;;;;;;;;;;;;;;;;;;;;;;;;;;;;;;;;;;-4,75;;;;;;;;;;;;;;;;;;;;;;;;;;;;;;;;;;;;;;;;;;;;;;;;;;0;0;0;;;;;;;;;;;;;;;;;;;;;;;;;;;;;;;;;;;;;;;;;;;;;;;;;0;0;0;;;;;;;;;;;;;;;;;;;;;;;;;;;;;;;;;;;;;;;;;;;;;;;;;;0;0;0;;;;;;;;;;;;;;;;;;;;;;;;;;;;;;;;;;;;;;;;;;;;;;;;;0;0;;;;;;;;;;;;;;;;;;;;;;;;;;;;;;;;;;;;;;;;;;;;;;;;;;0;0;0;;;;;;;;;;;;;;;;;;;;;;;;;;;;;;;;;;;;;;;;;;;;;;;;;0;;;;;;;;;;;;;;;;;;;;;;;;;;;;;;;;;;;;;;;;;;;;;;;;;;0;0;0;;;;;;;;;;;;;;;;;;;;;;;;;;;;;;;;;;;;;;;;;;;;;;;;;0;;;;;;;;;;;;;;;;;;;;;;;,,,,,,,,,,,,,,,,,,,,,,,,,,,,,,,,,,,,,,,,,,,,,,,,,,,,,,,,,,,,,,,,,,,,,,,,,,,,,,,,,,,,,,,,,,,,,,,,,,,,,,,,,,,,,,,,,,,,,,,,,,,,,,,,,,,,,,,,,,,,,,,,,,,,,,,,,,,,,,,,,,,,,,,,,,,,,,,,,,,,,,
20.12.2022;20.12.2022;12:15;13:00;RD-22-03491;Redispatch;20221220_RD-22-03491_13(1)_CL-026;Sub-TM (Akt. AO-Cluster);I;Intraday;Amprion/Tennet DE;AMP-TTG / 380kV / Dettingen - Grosskrotzenburg / Untermain Sued-1, TTG / 380kV / Dipperz - Mecklar / 2;50Hertz;50H WP_STOLZENHAIN;11W0-0000-0319-E;Windpark (Sub-AO);10YDE-VE-------2;;;;;;;;;;;;;;;;;;;;;;;;;;;;;;;;;;;;;;;;;;;;;;;;;;E;E;E;;;;;;;;;;;;;;;;;;;;;;;;;;;;;;;;;;;;;;;;;;;;;;;;;E;nein;Senke;;Offen;;;;;;;;;;;;;;;;;;;;;;;;;;;;;;;;;;;;;;;;;;;;;;;;;;;;;;;;;;;;;;;0;0;0;;;;;;;;;;;;;;;;;;;;;;;;;;;;;;;;;;;;;;;;;;;;;;;;;0;;;;;;;;;;;;;;;;;;;;;;;;;;;;;;;;;;;;;;;;;;;;;;;;;;0;0;0;;;;;;;;;;;;;;;;;;;;;;;;;;;;;;;;;;;;;;;;;;;;;;;;;0;0;0;;;;;;;;;;;;;;;;;;;;;;;;;;;;;;;;;;;;;;;;;;;;;;;;;;0;0;0;;;;;;;;;;;;;;;;;;;;;;;;;;;;;;;;;;;;;;;;;;;;;;;;;0;0;;;;;;;;;;;;;;;;;;;;;;;;;;;;;;;;;;;;;;;;;;;;;;;;;;0;0;0;;;;;;;;;;;;;;;;;;;;;;;;;;;;;;;;;;;;;;;;;;;;;;;;;0;;;;;;;;;;;;;;;;;;;;;;;;;;;;;;;;;;;;;;;;;;;;;;;;;;0;0;0;;;;;;;;;;;;;;;;;;;;;;;;;;;;;;;;;;;;;;;;;;;;;;;;;0;;;;;;;;;;;;;;;;;;;;;;;,,,,,,,,,,,,,,,,,,,,,,,,,,,,,,,,,,,,,,,,,,,,,,,,,,,,,,,,,,,,,,,,,,,,,,,,,,,,,,,,,,,,,,,,,,,,,,,,,,,,,,,,,,,,,,,,,,,,,,,,,,,,,,,,,,,,,,,,,,,,,,,,,,,,,,,,,,,,,,,,,,,,,,,,,,,,,,,,,,,,,,,
20.12.2022;20.12.2022;12:15;13:00;RD-22-03491;Redispatch;20221220_RD-22-03491_13(1)_CL-027;Sub-TM (Akt. AO-Cluster);I;Intraday;Amprion/Tennet DE;AMP-TTG / 380kV / Dettingen - Grosskrotzenburg / Untermain Sued-1, TTG / 380kV / Dipperz - Mecklar / 2;50Hertz;50H WP_ALTES_LAGER;11W0-0000-0302-2;Windpark (Sub-AO);10YDE-VE-------2;;;;;;;;;;;;;;;;;;;;;;;;;;;;;;;;;;;;;;;;;;;;;;;;;;E;E;E;;;;;;;;;;;;;;;;;;;;;;;;;;;;;;;;;;;;;;;;;;;;;;;;;E;nein;Senke;;Offen;;;;;;;;;;;;;;;;;;;;;;;;;;;;;;;;;;;;;;;;;;;;;;;;;;;;;;;;;;;;;;;0;0;0;;;;;;;;;;;;;;;;;;;;;;;;;;;;;;;;;;;;;;;;;;;;;;;;;0;;;;;;;;;;;;;;;;;;;;;;;;;;;;;;;;;;;;;;;;;;;;;;;;;;0;0;0;;;;;;;;;;;;;;;;;;;;;;;;;;;;;;;;;;;;;;;;;;;;;;;;;0;0;0;;;;;;;;;;;;;;;;;;;;;;;;;;;;;;;;;;;;;;;;;;;;;;;;;;0;0;0;;;;;;;;;;;;;;;;;;;;;;;;;;;;;;;;;;;;;;;;;;;;;;;;;0;0;;;;;;;;;;;;;;;;;;;;;;;;;;;;;;;;;;;;;;;;;;;;;;;;;;0;0;0;;;;;;;;;;;;;;;;;;;;;;;;;;;;;;;;;;;;;;;;;;;;;;;;;0;;;;;;;;;;;;;;;;;;;;;;;;;;;;;;;;;;;;;;;;;;;;;;;;;;0;0;0;;;;;;;;;;;;;;;;;;;;;;;;;;;;;;;;;;;;;;;;;;;;;;;;;0;;;;;;;;;;;;;;;;;;;;;;;,,,,,,,,,,,,,,,,,,,,,,,,,,,,,,,,,,,,,,,,,,,,,,,,,,,,,,,,,,,,,,,,,,,,,,,,,,,,,,,,,,,,,,,,,,,,,,,,,,,,,,,,,,,,,,,,,,,,,,,,,,,,,,,,,,,,,,,,,,,,,,,,,,,,,,,,,,,,,,,,,,,,,,,,,,,,,,,,,,,,,,,
20.12.2022;20.12.2022;12:15;13:00;RD-22-03491;Redispatch;20221220_RD-22-03491_13(1)_CL-028;Sub-TM (Akt. AO-Cluster);I;Intraday;Amprion/Tennet DE;AMP-TTG / 380kV / Dettingen - Grosskrotzenburg / Untermain Sued-1, TTG / 380kV / Dipperz - Mecklar / 2;50Hertz;50H WP_FELDHEIM;11W0-0000-0305-U;Windpark (Sub-AO);10YDE-VE-------2;;;;;;;;;;;;;;;;;;;;;;;;;;;;;;;;;;;;;;;;;;;;;;;;;;E;E;E;;;;;;;;;;;;;;;;;;;;;;;;;;;;;;;;;;;;;;;;;;;;;;;;;E;nein;Senke;;Offen;;;;;;;;;;;;;;;;;;;;;;;;;;;;;;;;;;;;;;;;;;;;;;;;;;;;;;;;;;;;;;;0;0;0;;;;;;;;;;;;;;;;;;;;;;;;;;;;;;;;;;;;;;;;;;;;;;;;;0;;;;;;;;;;;;;;;;;;;;;;;;;;;;;;;;;;;;;;;;;;;;;;;;;;0;0;0;;;;;;;;;;;;;;;;;;;;;;;;;;;;;;;;;;;;;;;;;;;;;;;;;0;0;0;;;;;;;;;;;;;;;;;;;;;;;;;;;;;;;;;;;;;;;;;;;;;;;;;;0;0;0;;;;;;;;;;;;;;;;;;;;;;;;;;;;;;;;;;;;;;;;;;;;;;;;;0;0;;;;;;;;;;;;;;;;;;;;;;;;;;;;;;;;;;;;;;;;;;;;;;;;;;0;0;0;;;;;;;;;;;;;;;;;;;;;;;;;;;;;;;;;;;;;;;;;;;;;;;;;0;;;;;;;;;;;;;;;;;;;;;;;;;;;;;;;;;;;;;;;;;;;;;;;;;;0;0;0;;;;;;;;;;;;;;;;;;;;;;;;;;;;;;;;;;;;;;;;;;;;;;;;;0;;;;;;;;;;;;;;;;;;;;;;;,,,,,,,,,,,,,,,,,,,,,,,,,,,,,,,,,,,,,,,,,,,,,,,,,,,,,,,,,,,,,,,,,,,,,,,,,,,,,,,,,,,,,,,,,,,,,,,,,,,,,,,,,,,,,,,,,,,,,,,,,,,,,,,,,,,,,,,,,,,,,,,,,,,,,,,,,,,,,,,,,,,,,,,,,,,,,,,,,,,,,,,
20.12.2022;20.12.2022;12:15;13:00;RD-22-03491;Redispatch;20221220_RD-22-03491_13(1)_CL-029;Sub-TM (Akt. AO-Cluster);I;Intraday;Amprion/Tennet DE;AMP-TTG / 380kV / Dettingen - Grosskrotzenburg / Untermain Sued-1, TTG / 380kV / Dipperz - Mecklar / 2;50Hertz;50H WP_SCHLALACH;11W0-0000-0313-W;Windpark (Sub-AO);10YDE-VE-------2;;;;;;;;;;;;;;;;;;;;;;;;;;;;;;;;;;;;;;;;;;;;;;;;;;E;E;E;;;;;;;;;;;;;;;;;;;;;;;;;;;;;;;;;;;;;;;;;;;;;;;;;E;nein;Senke;;Offen;;;;;;;;;;;;;;;;;;;;;;;;;;;;;;;;;;;;;;;;;;;;;;;;;;;;;;;;;;;;;;;-7;-8;-8;;;;;;;;;;;;;;;;;;;;;;;;;;;;;;;;;;;;;;;;;;;;;;;;;-5,75;;;;;;;;;;;;;;;;;;;;;;;;;;;;;;;;;;;;;;;;;;;;;;;;;;0;0;0;;;;;;;;;;;;;;;;;;;;;;;;;;;;;;;;;;;;;;;;;;;;;;;;;0;0;0;;;;;;;;;;;;;;;;;;;;;;;;;;;;;;;;;;;;;;;;;;;;;;;;;;0;0;0;;;;;;;;;;;;;;;;;;;;;;;;;;;;;;;;;;;;;;;;;;;;;;;;;0;0;;;;;;;;;;;;;;;;;;;;;;;;;;;;;;;;;;;;;;;;;;;;;;;;;;0;0;0;;;;;;;;;;;;;;;;;;;;;;;;;;;;;;;;;;;;;;;;;;;;;;;;;0;;;;;;;;;;;;;;;;;;;;;;;;;;;;;;;;;;;;;;;;;;;;;;;;;;0;0;0;;;;;;;;;;;;;;;;;;;;;;;;;;;;;;;;;;;;;;;;;;;;;;;;;0;;;;;;;;;;;;;;;;;;;;;;;,,,,,,,,,,,,,,,,,,,,,,,,,,,,,,,,,,,,,,,,,,,,,,,,,,,,,,,,,,,,,,,,,,,,,,,,,,,,,,,,,,,,,,,,,,,,,,,,,,,,,,,,,,,,,,,,,,,,,,,,,,,,,,,,,,,,,,,,,,,,,,,,,,,,,,,,,,,,,,,,,,,,,,,,,,,,,,,,,,,,,,
20.12.2022;20.12.2022;12:15;13:00;RD-22-03491;Redispatch;20221220_RD-22-03491_13(1)_CL-030;Sub-TM (Akt. AO-Cluster);I;Intraday;Amprion/Tennet DE;AMP-TTG / 380kV / Dettingen - Grosskrotzenburg / Untermain Sued-1, TTG / 380kV / Dipperz - Mecklar / 2;50Hertz;50H WP_WERGZAHNA;11W0-0000-0314-T;Windpark (Sub-AO);10YDE-VE-------2;;;;;;;;;;;;;;;;;;;;;;;;;;;;;;;;;;;;;;;;;;;;;;;;;;E;E;E;;;;;;;;;;;;;;;;;;;;;;;;;;;;;;;;;;;;;;;;;;;;;;;;;E;nein;Senke;;Offen;;;;;;;;;;;;;;;;;;;;;;;;;;;;;;;;;;;;;;;;;;;;;;;;;;;;;;;;;;;;;;;0;0;0;;;;;;;;;;;;;;;;;;;;;;;;;;;;;;;;;;;;;;;;;;;;;;;;;0;;;;;;;;;;;;;;;;;;;;;;;;;;;;;;;;;;;;;;;;;;;;;;;;;;0;0;0;;;;;;;;;;;;;;;;;;;;;;;;;;;;;;;;;;;;;;;;;;;;;;;;;0;0;0;;;;;;;;;;;;;;;;;;;;;;;;;;;;;;;;;;;;;;;;;;;;;;;;;;0;0;0;;;;;;;;;;;;;;;;;;;;;;;;;;;;;;;;;;;;;;;;;;;;;;;;;0;0;;;;;;;;;;;;;;;;;;;;;;;;;;;;;;;;;;;;;;;;;;;;;;;;;;0;0;0;;;;;;;;;;;;;;;;;;;;;;;;;;;;;;;;;;;;;;;;;;;;;;;;;0;;;;;;;;;;;;;;;;;;;;;;;;;;;;;;;;;;;;;;;;;;;;;;;;;;0;0;0;;;;;;;;;;;;;;;;;;;;;;;;;;;;;;;;;;;;;;;;;;;;;;;;;0;;;;;;;;;;;;;;;;;;;;;;;,,,,,,,,,,,,,,,,,,,,,,,,,,,,,,,,,,,,,,,,,,,,,,,,,,,,,,,,,,,,,,,,,,,,,,,,,,,,,,,,,,,,,,,,,,,,,,,,,,,,,,,,,,,,,,,,,,,,,,,,,,,,,,,,,,,,,,,,,,,,,,,,,,,,,,,,,,,,,,,,,,,,,,,,,,,,,,,,,,,,,,,
20.12.2022;20.12.2022;0:00;22:00;RD-22-03488;Redispatch;20221220_RD-22-03488_13(1)MKW-074;Markt-KW 13(1);I;PRD2;50Hertz/Amprion/TenneT DE/TransnetBW;AMP-TTG / 380kV / Doerpen West - Hanekenfaehr / Emsland West-Blau;50Hertz;Lippendorf EnBW;11WD8LIPD1LD4--9;KW-Block;10YDE-VE-------2;E;E;E;E;E;E;E;E;E;E;E;E;E;E;E;E;E;E;E;E;E;E;E;E;E;E;E;E;E;E;E;E;E;E;E;E;E;E;E;E;E;E;E;E;E;E;E;E;E;E;E;E;E;E;E;E;E;E;E;E;E;E;E;E;E;E;E;E;E;E;E;E;E;E;E;E;E;E;E;E;E;E;E;E;E;E;E;E;;;;;;;;;;;;;E;0;Bezug;0;teilabgerechnet;-434354,75;40,58734;54,98115;1,38846;3,04305;40,21823;54,48114;2,28525;3,01538;-174689,7924;-236641,4194;-9926,091924;-13097,44626;-166;-166;-166;-166;-166;-166;-200;0;0;0;0;0;0;0;0;0;0;0;0;0;0;0;-200;-200;-423;-423;-423;-423;-416;-416;-416;-416;-423;-423;-423;-423;-423;-423;-423;-423;-423;-423;-423;-423;-423;-423;-423;-423;-387;-387;-387;-387;-423;-423;-423;-423;-423;-423;-423;-423;-423;-423;-423;-423;-423;-423;-423;-423;-422;-422;-422;-422;-423;-423;-423;-423;-344;-344;-344;-344;-124;-124;-124;-124;-124;-124;-124;-124;;;;;;;;;;;;;-6446;-3050,25;-3050,25;-3050,25;-3050,25;-3050,25;-3050,25;-3675;0;0;0;0;0;0;0;0;0;0;0;0;0;0;0;-3675;-3675;-7772,63;-7772,63;-7772,63;-7772,63;-7644;-7644;-7644;-7644;-7772,63;-7772,63;-7772,63;-7772,63;-7772,63;-7772,63;-7772,63;-7772,63;-7772,63;-7772,63;-7772,63;-7772,63;-7772,63;-7772,63;-7772,63;-7772,63;-7111,13;-7111,13;-7111,13;-7111,13;-7772,63;-7772,63;-7772,63;-7772,63;-7772,63;-7772,63;-7772,63;-7772,63;-7772,63;-7772,63;-7772,63;-7772,63;-7772,63;-7772,63;-7772,63;-7772,63;-7754,25;-7754,25;-7754,25;-7754,25;-7772,63;-7772,63;-7772,63;-7772,63;-6321;-6321;-6321;-6321;-2278,5;-2278,5;-2278,5;-2278,5;-2278,5;-2278,5;-2278,5;-2278,5;;;;;;;;;;;;;-473.781,22;0;0;0;0;0;0;0;0;0;0;0;0;0;0;0;0;0;0;0;0;0;0;0;0;0;0;0;0;0;0;0;0;0;0;0;0;0;0;0;0;0;0;0;0;0;0;0;0;0;0;0;0;0;0;0;0;0;0;0;0;0;0;0;0;0;0;0;0;0;0;0;0;0;0;0;0;0;0;0;0;0;0;0;0;0;0;0;0;0;0;;;;;;;;;;;;;0;0;226,3528571;0;0;0;0;0;0;0;0;0;0;0;0;0;0;0;0;0;0;0;0;0;0;0;0;507,88;507,88;507,88;502,15;502,15;502,15;502,15;507,88;507,88;507,88;507,88;507,88;507,88;507,88;507,88;507,88;507,88;507,88;507,88;507,88;507,88;507,88;507,88;477,75;477,75;477,75;477,75;507,88;507,88;507,88;507,88;507,88;507,88;507,88;507,88;507,88;507,88;507,88;507,88;507,88;507,88;507,88;507,88;507,07;507,07;0;0;507,88;507,88;507,88;507,88;439,45;439,45;439,45;439,45;192,74;192,74;177,0418692;167,9249635;157,1332203;157,1332203;157,1332203;157,1332203;;;;;;;;;;;;;28084,19257;0;407,3365414;595,846391;831,7348872;316,01;648,72;1911,29;0;0;0;0;0;0;0;0;0;0;0;0;0;0;0;1447,35;504,38;2158,2;0;0;0;0;0;0;0;0;0;0;0;0;0;0;0;0;0;0;0;0;0;0;0;0;0;0;0;0;0;0;0;0;0;0;0;0;0;0;0;0;0;0;0;0;0;1882,11;639,3;0;0;0;0;0;0;0;0;0;0;0;0;0;0;0;0;;;;;;;;;;;;;11342,27782;;;;;;;;;;;;;;;;;;;;;;;,,,,,,,,,,,,,,,,,,,,,,,,,,,,,,,,,
20.12.2022;20.12.2022;6:00;21:00;RD-22-03488;Redispatch;20221220_RD-22-03488_13(1)MKW-075;Markt-KW 13(1);I;PRD2;50Hertz/Amprion/TenneT DE/TransnetBW;AMP-TTG / 380kV / Doerpen West - Hanekenfaehr / Emsland West-Blau;50Hertz;Lippendorf VE;11WD8LIPD1LD8--U;KW-Block;10YDE-VE-------2;;;;;;;;;;;;;;;;;;;;;;;;;E;E;E;E;E;E;E;E;E;E;E;E;E;E;E;E;E;E;E;E;E;E;E;E;E;E;E;E;E;E;E;E;E;E;E;E;E;E;E;E;E;E;E;E;E;E;E;E;E;E;E;E;E;E;E;E;E;E;E;E;;;;;;;;;;;;;;;;;E;0;Bezug;0;teilabgerechnet;-524724,52;40,58734;54,98115;1,38846;3,04305;40,58734;54,98115;1,38846;3,04305;-212971,725;-288499,5754;-7285,59007;-15967,62951;;;;;;;;;;;;;;;;;;;;;;;;;-451;-331;-170;-145;-200;-200;-200;-200;-393;-393;-393;-393;-418;-418;-418;-418;-393;-393;-393;-393;-393;-393;-393;-393;-373;-373;-373;-373;-373;-373;-373;-373;-460;-460;-460;-460;-373;-373;-373;-373;-360;-360;-360;-360;-373;-373;-373;-373;-373;-373;-373;-373;-200;-200;-200;-200;0;0;0;0;;;;;;;;;;;;;;;;;-4956,25;;;;;;;;;;;;;;;;;;;;;;;;;-12155,32;-8921,09;-4581,83;-3908,03;-5390,39;-5390,39;-5390,39;-5390,39;-10592,11;-10592,11;-10592,11;-10592,11;-11265,9;-11265,9;-11265,9;-11265,9;-10592,11;-10592,11;-10592,11;-10592,11;-10592,11;-10592,11;-10592,11;-10592,11;-10053,07;-10053,07;-10053,07;-10053,07;-10053,07;-10053,07;-10053,07;-10053,07;-12397,89;-12397,89;-12397,89;-12397,89;-10053,07;-10053,07;-10053,07;-10053,07;-9702,69;-9702,69;-9702,69;-9702,69;-10053,07;-10053,07;-10053,07;-10053,07;-10053,07;-10053,07;-10053,07;-10053,07;-5390,39;-5390,39;-5390,39;-5390,39;0;0;0;0;;;;;;;;;;;;;;;;;-534.322,03;0;0;;;;;;;;;;;;;;;;;;;;;;;;;0;0;0;0;0;0;0;0;0;0;0;0;0;0;0;0;0;0;0;0;0;0;0;0;0;0;0;0;0;0;0;0;0;0;0;0;0;0;0;0;0;0;0;0;0;0;0;0;0;0;0;0;0;0;0;0;0;0;0;0;;;;;;;;;;;;;;;;;0;0;;;;;;;;;;;;;;;;;;;;;;;;;0;0;0;0;0;0;0;0;0;0;0;0;0;0;0;0;0;0;0;0;0;0;0;0;0;0;0;0;0;0;0;0;0;0;0;0;0;0;0;0;0;0;0;0;0;0;0;0;0;0;0;0;0;0;0;0;0;0;0;0;;;;;;;;;;;;;;;;;0;;;;;;;;;;;;;;;;;;;;;;;;;3304,26132;524,9831249;122,8777415;24,10519396;308,0457045;65,25839168;50,47306109;105,1687094;5,973961303;1,482214735;5,014970881;8,583074004;9,501067594;1,295272757;10,99712073;7,654384456;2,061694164;0,86857006;5,309339529;22,93097089;182,4670644;149,8928216;34,57182896;57,01693133;80,80360748;190,3782396;68,73314791;85,48242033;64,84124615;82,38981384;32,2176935;183,9617916;90,69424901;43,78512085;0,450762171;0,889467749;23,78519006;13,82083963;3,680877858;2,603812232;21,84800068;11,0456134;10,78001128;23,18104949;175,8190697;428,8519616;2030,554514;788,5208113;44,83462733;17,97397302;23,59370774;20,66379973;6,797918652;1,916314865;4,304733468;7,51054568;0;0;0;0;;;;;;;;;;;;;;;;;9597,509467;;;;;;;;;;;;;;;;;;;;;;;,,,,,,,,,,,,,,,,,,,,,,,,,,,,,,,,,,,,,,,,,,,,,,,,,,,,,,,,
20.12.2022;20.12.2022;7:00;22:00;RD-22-03488;Redispatch;20221220_RD-22-03488_13(1)MKW-076;Markt-KW 13(1);I;PRD2;50Hertz/Amprion/TenneT DE/TransnetBW;AMP-TTG / 380kV / Doerpen West - Hanekenfaehr / Emsland West-Blau;50Hertz;Rostock Kohlekraftwerk;11WD8ROST1C----K;KW-Block;10YDE-VE-------2;;;;;;;;;;;;;;;;;;;;;;;;;;;;;E;E;E;E;E;E;E;E;E;E;E;E;E;E;E;E;E;E;E;E;E;E;E;E;E;E;E;E;E;E;E;E;E;E;E;E;E;E;E;E;E;E;E;E;E;E;E;E;E;E;E;E;E;E;E;E;E;E;E;E;;;;;;;;;;;;;E;0;Bezug;0;teilabgerechnet;-389841,24;40,58734;54,98115;1,38846;3,04305;39,57865;53,61474;3,83919;2,96742;-154293,8999;-209012,3672;-14966,7459;-11568,22692;;;;;;;;;;;;;;;;;;;;;;;;;;;;;-194;-194;-194;-194;-193;-193;-193;-193;-193;-193;-193;-193;-193;-193;-193;-193;-194;-194;-194;-194;-194;-194;-194;-194;-194;-194;-194;-194;-194;-194;-194;-194;-193;-193;-193;-193;-193;-193;-193;-193;-193;-193;-193;-193;-193;-193;-193;-193;-193;-193;-193;-193;-148;-148;-148;-148;-148;-148;-148;-148;;;;;;;;;;;;;-2810;;;;;;;;;;;;;;;;;;;;;;;;;;;;;-6974,3;-6974,3;-6974,3;-6974,3;-6938,35;-6938,35;-6938,35;-6938,35;-6938,35;-6938,35;-6938,35;-6938,35;-6938,35;-6938,35;-6938,35;-6938,35;-6974,3;-6974,3;-6974,3;-6974,3;-6974,3;-6974,3;-6974,3;-6974,3;-6974,3;-6974,3;-6974,3;-6974,3;-6974,3;-6974,3;-6974,3;-6974,3;-6938,35;-6938,35;-6938,35;-6938,35;-6938,35;-6938,35;-6938,35;-6938,35;-6938,35;-6938,35;-6938,35;-6938,35;-6938,35;-6938,35;-6938,35;-6938,35;-6938,35;-6938,35;-6938,35;-6938,35;-5320,6;-5320,6;-5320,6;-5320,6;-5320,6;-5320,6;-5320,6;-5320,6;;;;;;;;;;;;;-404.078,00;0;0;;;;;;;;;;;;;;;;;;;;;;;;;;;;;0;0;0;0;0;0;0;0;0;0;0;0;0;0;0;0;0;0;0;0;0;0;0;0;0;0;0;0;0;0;0;0;0;0;0;0;0;0;0;0;0;0;0;0;0;0;0;0;0;0;0;0;0;0;0;0;0;0;0;0;;;;;;;;;;;;;0;0;;;;;;;;;;;;;;;;;;;;;;;;;;;;;0;0;0;0;143,56;143,56;143,56;143,56;143,56;143,56;143,56;143,56;143,56;143,56;143,56;143,56;0;0;0;0;0;0;0;0;0;0;143,86;0;0;0;143,86;143,86;143,56;143,56;143,56;143,56;143,56;143,56;143,56;143,56;0;0;0;0;143,56;143,56;143,56;143,56;143,56;143,56;143,56;143,56;117,88;117,88;117,88;0;117,49;117,49;117,49;117,49;;;;;;;;;;;;;5274,86;;;;;;;;;;;;;;;;;;;;;;;;;;;;;1052,1;374,67;311,57;359,68;0;0;0;0;0;0;0;0;0;0;0;0;355,01;322,08;146,72;194,38;219,49;397,64;217,72;249,77;185,33;234,15;0;420,28;231,49;145,23;0;0;0;0;0;0;0;0;0;0;346,93;568,88;1636,64;837,7;0;0;0;0;0;0;0;0;0;0;0;154,44;0;0;0;0;;;;;;;;;;;;;8961,9;;;;;;;;;;;;;;;;;;;;;;;,,,,,,,,,,,,,,,,,,,,,,,,,,,,,,,,,,,,,,,,,,,,,,,,
20.12.2022;20.12.2022;0:00;22:00;RD-22-03488;Redispatch;20221220_RD-22-03488_13(1)MKW-077;Markt-KW 13(1);I;PRD2;50Hertz/Amprion/TenneT DE/TransnetBW;AMP-TTG / 380kV / Doerpen West - Hanekenfaehr / Emsland West-Blau;50Hertz;Boxberg (Standort);11WD8BOXB1L----J;KW-Standort;10YDE-VE-------2;E;E;E;E;E;E;E;E;E;E;E;E;E;E;E;E;E;E;E;E;E;E;E;E;E;E;E;E;E;E;E;E;E;E;E;E;E;E;E;E;E;E;E;E;E;E;E;E;E;E;E;E;E;E;E;E;E;E;E;E;E;E;E;E;E;E;E;E;E;E;E;E;E;E;E;E;E;E;E;E;E;E;E;E;E;E;E;E;;;;;;;;;;;;;E;0;Bezug;0;teilabgerechnet;-417566,49;40,58734;54,98115;1,38846;3,04305;40,19833;54,45418;2,3336;3,01389;-167854,7556;-227382,4081;-9744,331611;-12584,99469;0;0;0;0;0;0;0;0;0;0;0;0;0;0;0;0;-187;-187;-187;-187;-588;-451;-345;-345;-345;-345;-280;-50;-363;-335;-176;-74;-196;-181;-181;-333;-16;-47;-47;-47;-248;-248;-248;-340;-398;-318;-318;-318;-427;-427;-427;-427;-552;-552;-552;-552;-616;-586;-586;-639;-267;-267;-267;-267;-322;-322;-322;-322;-322;-322;-322;-322;-168;-168;-168;-168;-195;-195;-195;-195;0;0;0;0;-89;-89;-89;-89;;;;;;;;;;;;;-4931;0;0;0;0;0;0;0;0;0;0;0;0;0;0;0;0;-3764,4;-3764,4;-3764,4;-3764,4;-12303,99;-9517,99;-7384,16;-7632,12;-7733,51;-7733,51;-6392,39;-1273,07;-7883,81;-7288,75;-3872,78;-1526,82;-4265,01;-3918,37;-3918,37;-7036,51;-407,38;-1194,33;-1194,33;-1194,33;-5633,08;-5633,08;-5633,08;-7531,29;-8727,98;-7077,37;-7077,37;-7077,37;-9281,13;-9281,13;-9281,13;-9281,13;-11797,44;-11797,44;-11797,44;-11797,44;-13117,93;-12498,95;-12498,95;-13588,97;-6025,1;-6025,1;-6025,1;-6025,1;-7159,9;-7159,9;-7159,9;-7159,9;-7159,9;-7159,9;-7159,9;-7159,9;-4143,43;-4143,43;-4143,43;-4143,43;-4732,71;-4732,71;-4732,71;-4732,71;0;0;0;0;-2150,8;-2150,8;-2150,8;-2150,8;;;;;;;;;;;;;-434.626,19;0;0;0;0;0;0;0;0;0;0;0;0;0;0;0;0;0;0;0;0;0;0;0;0;0;0;0;0;0;0;0;0;0;0;0;0;0;0;0;0;0;0;0;0;0;0;0;0;0;0;0;0;0;0;0;0;0;0;0;0;0;0;0;0;0;0;0;0;0;0;0;0;0;0;0;0;0;0;0;0;0;0;0;0;0;0;0;0;0;0;;;;;;;;;;;;;0;0;0;0;0;0;0;0;0;0;0;0;0;0;0;0;0;0;0;0;0;0;0;0;0;0;0;0;0;0;0;0;0;0;0;0;0;0;0;0;0;0;0;0;0;0;0;0;0;0;0;0;0;0;0;0;0;0;0;0;0;0;0;0;0;0;0;0;0;0;0;0;0;0;0;0;0;0;0;0;0;0;0;0;0;0;0;0;0;0;;;;;;;;;;;;;0;0;0;0;0;0;0;0;0;0;0;0;0;0;0;0;0;1408,126747;1050,322147;552,9722332;258,3751953;3769,42278;1923,74338;1222,633146;1102,403588;1851,691529;297,3061245;108,3098844;6,216538177;294,950907;46,41678242;19,36083304;18,23621237;0,705733313;0,147653887;0,629136277;1,75785839;0,262405215;0,08655685;0,850258948;0,554373265;0,423155426;0,152442323;1,151524282;7,549276269;98,7258219;65,02305435;11,33708155;20,38583554;42,34097509;112,0329555;33,2901876;42,92595133;40,29271444;50,88654896;16,54469075;125,5368562;46,96731955;19,16577639;0,087323373;0,215053245;6,930822697;3,858257047;0,85640696;0,608451163;6,944516585;3,618556108;3,579499647;9,361709547;86,06043292;249,5365356;1463,255057;505,0393247;14,25303344;5,157130696;6,906804325;5,889164293;4,14701989;0,982888997;2,324817201;4,073039461;0;0;0;0;2,519150377;1,332725727;1,314532525;0,638311097;;;;;;;;;;;;;17059,70474;;;;;;;;;;;;;;;;;;;;;;;,,,,,,,,,,,,,,,,,,,,,,,,,,,,,,,,,
20.12.2022;20.12.2022;0:00;22:00;RD-22-03488;Redispatch;20221220_RD-22-03488_13(1)MKW-078;Markt-KW 13(1);I;PRD2;50Hertz/Amprion/TenneT DE/TransnetBW;AMP-TTG / 380kV / Doerpen West - Hanekenfaehr / Emsland West-Blau;50Hertz;Jänschwalde (Standort);11WD8JAEN1L----Z;KW-Standort;10YDE-VE-------2;E;E;E;E;E;E;E;E;E;E;E;E;E;E;E;E;E;E;E;E;E;E;E;E;E;E;E;E;E;E;E;E;E;E;E;E;E;E;E;E;E;E;E;E;E;E;E;E;E;E;E;E;E;E;E;E;E;E;E;E;E;E;E;E;E;E;E;E;E;E;E;E;E;E;E;E;E;E;E;E;E;E;E;E;E;E;E;E;;;;;;;;;;;;;E;0;Bezug;0;teilabgerechnet;-433067,51;40,58734;54,98115;1,38846;3,04305;39,98828;54,16965;2,84394;2,99813;-173176,2485;-234591,1544;-12316,18014;-12983,92694;0;0;0;0;0;0;0;0;0;0;0;0;0;0;0;0;0;0;0;-50;-188;-238;-117;-116;-40;0;0;0;-318;-208;-208;-208;-166;-166;-166;-166;-388;-388;-388;-388;-313;-313;-313;-313;-313;-313;-313;-313;-313;-313;-313;-313;-318;-318;-318;-318;-313;-313;-313;-313;-313;-313;-313;-313;-313;-313;-313;-313;-313;-313;-313;-313;-313;-313;-313;-313;-313;-313;-313;-313;-157;0;0;0;-129;-129;-129;-129;;;;;;;;;;;;;-4280;0;0;0;0;0;0;0;0;0;0;0;0;0;0;0;0;0;0;0;-1237,86;-4491,75;-5729,61;-2896,58;-2964,49;-1064,42;0;0;0;-8133,91;-5421,91;-5421,91;-5421,91;-4382,11;-4382,11;-4382,11;-4382,11;-10017,19;-10017,19;-10017,19;-10017,19;-8021,41;-8021,41;-8021,41;-8021,41;-8021,41;-8021,41;-8021,41;-8021,41;-8021,41;-8021,41;-8021,41;-8021,41;-8133,91;-8133,91;-8133,91;-8133,91;-8021,41;-8021,41;-8021,41;-8021,41;-8021,41;-8021,41;-8021,41;-8021,41;-8021,41;-8021,41;-8021,41;-8021,41;-8021,41;-8021,41;-8021,41;-8021,41;-8021,41;-8021,41;-8021,41;-8021,41;-8021,41;-8021,41;-8021,41;-8021,41;-4024,01;0;0;0;-3432,74;-3432,74;-3432,74;-3432,74;;;;;;;;;;;;;-439.442,92;0;0;0;0;0;0;0;0;0;0;0;0;0;0;0;0;0;0;0;0;0;0;0;0;0;0;0;0;0;0;0;0;0;0;0;0;0;0;0;0;0;0;0;0;0;0;0;0;0;0;0;0;0;0;0;0;0;0;0;0;0;0;0;0;0;0;0;0;0;0;0;0;0;0;0;0;0;0;0;0;0;0;0;0;0;0;0;0;0;0;;;;;;;;;;;;;0;0;0;0;0;0;0;0;0;0;0;0;0;0;0;0;0;0;0;0;0;0;0;0;0;0;0;0;0;0;0;0;0;0;0;0;0;0;0;0;0;0;0;0;0;0;0;0;0;0;0;0;0;0;0;0;0;0;0;0;0;0;0;0;0;0;0;0;0;0;0;0;0;0;0;0;0;0;0;0;0;0;0;0;0;0;0;0;0;0;;;;;;;;;;;;;0;0;0;0;0;0;0;0;0;0;0;0;0;0;0;0;0;0;0;0;596,4971022;1503,58673;1339,184897;587,8632087;230,7137447;0;0;0;0;199,2117122;13,61234518;10,38106929;24,86698999;0,14667292;0,034833771;0,134246049;0,237230623;2,32620596;0,241949314;2,541746249;1,607589282;0,445450077;0,167021015;1,194538627;6,024658794;58,23796028;46,79697884;9,284087737;16,06511004;25,59467174;63,64713629;20,99255024;26,56052454;20,76147477;26,32840868;9,47893526;61,44477496;22,4723848;10,26625507;0,070646805;0,152825654;6,471306095;3,657455534;0,863347808;0,612087747;5,962480168;3,061122315;3,010218347;7,21607081;59,59293402;158,3704697;830,6266561;305,0091912;14,09977671;5,074219165;6,804635677;5,79218491;3,741584989;0,891503952;2,107965945;3,694046635;9,572400936;0;0;0;0;0;0;0;;;;;;;;;;;;;6375,406327;;;;;;;;;;;;;;;;;;;;;;;,,,,,,,,,,,,,,,,,,,,,,,,,,,,,,,,,,,,,,,,,,,,,,,,
20.12.2022;20.12.2022;4:00;15:00;RD-22-03488;Redispatch;20221220_RD-22-03488_13(1)MKW-087;Markt-KW 13(1);I;PRD2;50Hertz/Amprion/TenneT DE/TransnetBW;AMP-TTG / 380kV / Doerpen West - Hanekenfaehr / Emsland West-Blau;50Hertz;Schwarze Pumpe (Standort);11WD8SWPU1L----5;KW-Standort;10YDE-VE-------2;;;;;;;;;;;;;;;;;E;E;E;E;E;E;E;E;E;E;E;E;E;E;E;E;E;E;E;E;E;E;E;E;E;E;E;E;E;E;E;E;E;E;E;E;E;E;E;E;E;E;E;E;;;;;;;;;;;;;;;;;;;;;;;;;;;;;;;;;;;;;;;;;E;0;Bezug;0;teilabgerechnet;-6895,71;40,58734;54,98115;1,38846;3,04305;40,58734;54,98115;1,38846;3,04305;-2798,785263;-3791,340659;-95,74417507;-209,8399032;;;;;;;;;;;;;;;;;-12;-12;-12;-12;-12;-12;0;0;0;0;0;0;0;0;0;0;0;0;0;0;-42;-65;-65;-65;0;0;0;0;0;0;0;0;0;0;0;0;-12;-12;-12;-12;0;0;0;-12;;;;;;;;;;;;;;;;;;;;;;;;;;;;;;;;;;;;;;;;;-92,25;;;;;;;;;;;;;;;;;-234,5;-234,5;-234,5;-234,5;-234,5;-234,5;0;0;0;0;0;0;0;0;0;0;0;0;0;0;-820,75;-1270,2;-1270,2;-1270,2;0;0;0;0;0;0;0;0;0;0;0;0;-234,5;-234,5;-234,5;-234,5;0;0;0;-234,5;;;;;;;;;;;;;;;;;;;;;;;;;;;;;;;;;;;;;;;;;-7.210,85;0;0;;;;;;;;;;;;;;;;;0;0;0;0;0;0;0;0;0;0;0;0;0;0;0;0;0;0;0;0;0;0;0;0;0;0;0;0;0;0;0;0;0;0;0;0;0;0;0;0;0;0;0;0;;;;;;;;;;;;;;;;;;;;;;;;;;;;;;;;;;;;;;;;;0;0;;;;;;;;;;;;;;;;;0;0;0;0;0;0;0;0;0;0;0;0;0;0;0;0;0;0;0;0;0;0;0;0;0;0;0;0;0;0;0;0;0;0;0;0;0;0;0;0;0;0;0;0;;;;;;;;;;;;;;;;;;;;;;;;;;;;;;;;;;;;;;;;;0;;;;;;;;;;;;;;;;;86,22833655;63,92712896;33,15727542;15,39954002;68,77001907;43,53432634;0;0;0;0;0;0;0;0;0;0;0;0;0;0;0,172462278;0,013582901;0,248387721;0,120965312;0;0;0;0;0;0;0;0;0;0;0;0;0,604960867;0,760723714;0,222495131;1,975522366;0;0;0;0,001652091;;;;;;;;;;;;;;;;;;;;;;;;;;;;;;;;;;;;;;;;;315,1373787;;;;;;;;;;;;;;;;;;;;;;;,,,,,,,,,,,,,,,,,,,,,,,,,,,,,,,,,,,,,,,,,,,,,,,,,,,,,,,,,,,,,,,,,,,,,,,,,,,,,,,,,,,,,,,,,,,,,,,,,,,,,,,,,,,,,,,,,,,,,,,,,,,,,,,,,,,,,,,,,,
20.12.2022;20.12.2022;4:00;15:00;RD-22-03488;Redispatch;20221220_RD-22-03488_13(1)MKW-087;Markt-KW 13(1);I;FAP-activation;50Hertz/Amprion/TenneT DE/TransnetBW;AMP-TTG / 380kV / Doerpen West - Hanekenfaehr / Emsland West-Blau;50Hertz;Schwarze Pumpe (Standort);11WD8SWPU1L----5;KW-Standort;10YDE-VE-------2;;;;;;;;;;;;;;;;;E;E;E;E;E;E;E;E;E;E;E;E;E;E;E;E;E;E;E;E;E;E;E;E;E;E;E;E;E;E;E;E;E;E;E;E;E;E;E;E;E;E;E;E;;;;;;;;;;;;;;;;;;;;;;;;;;;;;;;;;;;;;;;;;E;0;Bezug;0;teilabgerechnet;-6895,71;40,58734;54,98115;1,38846;3,04305;40,58734;54,98115;1,38846;3,04305;-2798,785263;-3791,340659;-95,74417507;-209,8399032;;;;;;;;;;;;;;;;;-12;-12;-12;-12;-12;-12;0;0;0;0;0;0;0;0;0;0;0;0;0;0;-42;-65;-65;-65;0;0;0;0;0;0;0;0;0;0;0;0;-12;-12;-12;-12;0;0;0;-12;;;;;;;;;;;;;;;;;;;;;;;;;;;;;;;;;;;;;;;;;-92,25;;;;;;;;;;;;;;;;;-234,5;-234,5;-234,5;-234,5;-234,5;-234,5;0;0;0;0;0;0;0;0;0;0;0;0;0;0;-820,75;-1270,2;-1270,2;-1270,2;0;0;0;0;0;0;0;0;0;0;0;0;-234,5;-234,5;-234,5;-234,5;0;0;0;-234,5;;;;;;;;;;;;;;;;;;;;;;;;;;;;;;;;;;;;;;;;;-7.210,85;0;0;;;;;;;;;;;;;;;;;0;0;0;0;0;0;0;0;0;0;0;0;0;0;0;0;0;0;0;0;0;0;0;0;0;0;0;0;0;0;0;0;0;0;0;0;0;0;0;0;0;0;0;0;;;;;;;;;;;;;;;;;;;;;;;;;;;;;;;;;;;;;;;;;0;0;;;;;;;;;;;;;;;;;0;0;0;0;0;0;0;0;0;0;0;0;0;0;0;0;0;0;0;0;0;0;0;0;0;0;0;0;0;0;0;0;0;0;0;0;0;0;0;0;0;0;0;0;;;;;;;;;;;;;;;;;;;;;;;;;;;;;;;;;;;;;;;;;0;;;;;;;;;;;;;;;;;86,22833655;63,92712896;33,15727542;15,39954002;68,77001907;43,53432634;0;0;0;0;0;0;0;0;0;0;0;0;0;0;0,172462278;0,013582901;0,248387721;0,120965312;0;0;0;0;0;0;0;0;0;0;0;0;0,604960867;0,760723714;0,222495131;1,975522366;0;0;0;0,001652091;;;;;;;;;;;;;;;;;;;;;;;;;;;;;;;;;;;;;;;;;315,1373787;;Amprion;50;Tennet;40;Transelectrica;10;TransnetBW;;50Hertz;;HOPS;;helloElectrica;;SEPS;;Elia;;APG;;PSE;,,,,,,,,,,,,,,,,,,,,,,,,,,,,,,,,,,,,,,,,,,,,,,,,,,,,,,,,,,,,,,,,,,,,,,,,,,,,,,,,,,,,,,,,,,,,,,,,,,,,,,,,,,,,,,,,,,,,,,,,,,,,,,,,,,,,,,,,,,
